# 问题三 权衡分析逐案明细(同一场景 + 固定误差场; need = 基础扫描后需补测频道数, 运行时可观测)
k,n_src,need_base6,T_base6,T_aux9,T_adopted,dT_adopted,dT_aux9,cov_base6,cov_adopted,sup_base6,sup_adopted,fired,resolved
0,11,4,5378.6,6395.1,4374.1,-1004.5,1016.5,1888.4,2495.2,1023.4,0.0,True,1
1,10,3,4330.4,5484.0,4203.9,-126.4,1153.7,2273.0,2678.6,621.2,0.0,True,2
2,16,2,4562.0,6061.4,4303.8,-258.2,1499.3,1688.9,2132.9,463.2,0.0,True,0
3,16,1,4796.2,5789.3,4959.6,163.3,993.1,1673.9,2125.2,229.1,0.0,True,1
4,14,1,3847.1,5297.6,4011.4,164.3,1450.5,1721.2,2066.6,66.0,0.0,True,0
5,12,3,4810.5,6013.5,4198.1,-612.4,1203.0,2094.3,2564.0,756.4,0.0,True,1
6,16,3,4438.8,5338.5,4562.7,123.9,899.7,1569.9,2086.4,549.1,72.7,True,2
7,16,4,5179.6,5882.6,4626.5,-553.1,703.0,1556.5,1944.5,918.8,0.0,True,3
8,11,3,4789.1,5198.6,4937.9,148.8,409.5,1910.4,2161.7,823.7,461.9,True,3
9,13,4,4388.6,5729.0,4202.6,-186.0,1340.4,2076.4,2361.1,566.4,0.0,True,2
10,13,1,3475.8,4652.8,3916.6,440.8,1177.0,1514.7,2082.7,237.2,0.0,True,0
11,16,2,4389.0,5570.1,4181.7,-207.3,1181.1,1839.6,2291.2,168.5,0.0,True,1
12,13,0,4015.1,4015.1,4413.6,398.6,0.0,1691.8,2321.8,0.0,0.0,False,0
13,12,3,4739.5,5953.5,4320.0,-419.5,1213.9,1784.5,2061.0,839.1,66.0,True,1
14,13,3,4546.0,5954.8,4534.7,-11.3,1408.8,1912.3,2405.8,454.1,0.0,True,1
15,16,2,4079.2,5173.8,3985.7,-93.5,1094.5,1904.3,2096.9,377.6,0.0,True,1
16,12,4,4727.1,6062.8,4363.3,-363.8,1335.7,1706.6,2388.7,440.2,0.0,True,1
17,14,1,3945.9,5306.9,4153.1,207.3,1361.1,1988.4,2205.1,182.9,0.0,True,1
18,15,4,5381.6,6197.8,4437.0,-944.6,816.2,1707.1,2017.0,669.5,0.0,True,2
19,14,1,4718.5,5215.8,4027.4,-691.1,497.3,1806.7,2136.0,482.4,0.0,True,1
20,13,5,4879.3,5599.6,4365.2,-514.1,720.3,1963.3,2256.9,617.5,0.0,True,2
21,14,3,4210.2,5363.8,4069.4,-140.8,1153.6,1675.2,2211.9,660.8,0.0,True,1
22,14,2,5175.8,6007.0,4740.1,-435.7,831.2,1927.9,2159.5,812.9,0.0,True,1
23,16,5,5766.3,5474.5,5109.2,-657.1,-291.8,1797.9,2130.8,1360.5,452.6,True,4
24,14,0,3888.8,3888.8,4350.1,461.2,0.0,1772.1,2374.2,0.0,0.0,False,0
25,11,4,5498.7,6028.7,4465.8,-1032.9,530.0,1805.2,2382.1,1051.3,0.0,True,2
26,11,4,4838.2,5645.2,4524.7,-313.5,807.0,2273.0,2678.6,746.5,0.0,True,3
27,14,1,4079.3,5178.3,4351.8,272.5,1099.0,1392.6,1964.9,322.4,232.3,True,1
28,11,1,3704.6,4624.0,3827.4,122.8,919.4,1898.8,2464.6,321.8,0.0,True,1
29,10,3,4448.7,5135.0,3960.8,-487.9,686.3,1894.8,2385.5,511.4,0.0,True,2
30,10,3,4603.1,5018.7,4246.5,-356.7,415.6,2135.2,2644.4,949.6,0.0,True,3
31,16,1,4155.3,5195.8,4254.0,98.7,1040.5,1576.7,2025.5,66.0,72.9,True,1
32,13,2,4531.6,5265.8,4184.4,-347.1,734.2,1958.7,2438.9,542.2,0.0,True,1
33,15,1,4389.6,5880.1,4348.8,-40.8,1490.5,1890.7,2151.7,66.0,0.0,True,0
34,16,3,4074.3,5017.7,3965.4,-108.9,943.4,1633.4,2155.3,665.4,0.0,True,2
35,14,2,4684.3,5379.7,4731.3,47.1,695.4,1601.1,2216.8,627.6,219.1,True,2
36,11,3,4744.5,5486.2,5038.3,293.8,741.7,2066.7,2430.9,593.0,374.9,True,3
37,14,2,4326.3,5572.6,4316.1,-10.2,1246.4,1689.5,2092.2,336.0,0.0,True,1
38,16,2,5029.6,6024.2,4764.9,-264.7,994.7,1848.2,2292.4,458.9,0.0,True,2
39,15,3,5074.0,6096.1,4634.6,-439.4,1022.1,1672.5,2203.1,704.8,0.0,True,1
40,16,3,5182.6,5609.4,5471.0,288.4,426.8,1620.0,2303.5,554.2,239.0,True,3
41,12,2,4645.8,5395.3,4496.7,-149.1,749.5,1830.6,2310.6,688.7,0.0,True,2
42,12,4,5314.2,5588.7,5283.0,-31.2,274.5,2058.4,2678.6,697.1,434.9,True,4
43,13,4,4401.0,5656.0,4295.6,-105.4,1254.9,1837.8,2204.4,515.3,0.0,True,3
44,11,1,4085.0,5211.3,4333.7,248.7,1126.2,2180.0,2566.4,66.0,0.0,True,1
45,13,1,4444.0,5454.8,4214.7,-229.3,1010.8,1876.7,2315.0,409.2,0.0,True,1
46,10,1,3860.6,4971.2,4322.3,461.7,1110.5,1684.0,2289.3,371.1,334.3,True,1
47,13,3,5140.3,5267.3,4677.9,-462.4,126.9,1806.9,2495.9,1152.8,292.1,True,3
48,15,1,4323.6,5738.6,4652.8,329.2,1414.9,1772.1,2239.6,169.4,139.5,True,0
49,13,1,4121.8,5545.1,4156.5,34.7,1423.3,1808.8,2098.4,172.2,0.0,True,0
50,16,3,4729.0,5458.4,4775.2,46.2,729.4,1712.0,2050.9,693.4,341.4,True,3
51,15,7,6997.7,7791.5,4634.5,-2363.2,793.8,2029.6,2444.0,1343.8,0.0,True,1
52,14,5,5574.5,5861.0,4265.9,-1308.6,286.5,1870.8,2256.9,1051.5,0.0,True,3
53,12,5,5021.4,5946.9,4455.8,-565.6,925.5,1992.6,2377.2,911.6,289.4,True,2
54,14,1,4146.2,5198.7,4019.3,-127.0,1052.5,1662.0,1784.2,392.4,0.0,True,1
55,14,4,5855.7,5819.7,4920.2,-935.5,-36.1,1677.0,2290.8,1056.8,443.2,True,3
56,11,5,5099.8,5960.9,4323.3,-776.5,861.2,1973.7,2544.7,671.6,0.0,True,3
57,16,2,4463.4,5517.1,4365.7,-97.6,1053.7,1629.0,2262.4,386.9,0.0,True,2
58,13,1,4060.8,5299.2,4297.4,236.5,1238.3,1733.2,2161.2,334.2,360.8,True,0
59,13,2,4619.0,5264.2,4340.0,-279.0,645.2,1933.1,2269.6,314.5,0.0,True,2
60,10,2,4800.8,5382.9,4496.3,-304.5,582.2,1965.5,2503.1,488.9,0.0,True,2
61,13,0,3888.3,3888.3,3858.8,-29.5,0.0,1496.6,2061.9,0.0,0.0,False,0
62,16,2,5219.9,6440.1,5427.5,207.6,1220.2,1952.9,2354.0,371.3,189.6,True,0
63,11,2,4462.4,5216.6,4294.4,-168.0,754.2,2111.0,2678.6,218.7,0.0,True,2
64,11,1,3527.6,4876.0,3659.2,131.5,1348.4,1629.0,2039.1,179.3,0.0,True,0
65,15,4,5010.1,5393.5,4408.5,-601.7,383.3,1494.0,2169.0,911.4,0.0,True,4
66,16,3,5350.3,5898.9,4955.4,-395.0,548.6,1972.3,2446.5,677.4,178.2,True,2
67,10,3,4708.1,6039.7,4174.8,-533.3,1331.6,2178.6,2551.1,586.5,0.0,True,1
68,13,2,4964.9,5506.8,4443.8,-521.0,542.0,1977.2,2368.0,798.0,0.0,True,2
69,10,3,4406.7,5764.1,4482.6,76.0,1357.4,2151.1,2678.6,374.4,0.0,True,1
70,10,1,4303.9,5149.3,4336.1,32.2,845.4,1938.5,2410.1,445.5,0.0,True,1
71,15,6,5872.3,6221.9,4620.8,-1251.5,349.6,2076.1,2524.0,1114.5,0.0,True,5
72,13,1,4549.9,5947.4,4479.5,-70.4,1397.5,1829.8,2345.3,408.9,0.0,True,0
73,11,0,3927.0,3927.0,4257.5,330.6,0.0,1973.0,2452.4,0.0,0.0,False,0
74,13,1,3989.0,5171.1,4199.1,210.2,1182.1,1576.8,2233.2,167.6,0.0,True,1
75,16,3,4535.3,5880.0,4370.3,-165.0,1344.7,1764.4,2287.6,567.9,0.0,True,1
76,14,0,3994.8,3994.8,4361.3,366.5,0.0,1668.2,2156.4,0.0,0.0,False,0
77,11,3,4312.7,4618.8,3928.6,-384.1,306.1,1656.4,2229.4,435.5,0.0,True,3
78,10,2,3856.1,5027.8,4151.5,295.4,1171.7,2166.5,2571.4,175.8,0.0,True,2
79,10,2,4218.7,5034.0,4141.5,-77.2,815.3,1719.8,2575.3,537.2,0.0,True,2
80,16,3,4935.7,5427.4,4183.6,-752.1,491.7,1798.3,2167.4,388.8,0.0,True,3
81,16,0,4351.9,4351.9,4366.8,14.9,0.0,1706.6,2224.1,0.0,0.0,False,0
82,10,2,4233.5,5092.0,3857.9,-375.6,858.5,1752.1,2238.3,594.3,0.0,True,1
83,12,3,4878.9,5583.5,4806.1,-72.8,704.6,1906.5,2473.1,541.2,163.2,True,3
84,16,4,4697.3,5303.5,4271.3,-426.1,606.2,1489.9,1828.5,626.6,0.0,True,4
85,12,9,4252.5,5480.2,3731.7,-520.8,1227.7,2200.1,2564.6,675.2,0.0,True,6
86,16,2,4176.9,5278.7,4087.9,-89.0,1101.8,1708.8,2122.3,434.6,0.0,True,2
87,12,2,4602.4,5224.5,4446.6,-155.8,622.1,1701.0,2229.2,431.0,0.0,True,2
88,11,6,6030.5,5907.2,4374.6,-1655.9,-123.2,2102.3,2506.4,1272.3,0.0,True,5
89,16,4,4981.2,5770.2,4635.9,-345.3,789.0,1837.6,2342.0,748.1,0.0,True,3
90,13,2,4107.7,5133.3,4302.7,195.0,1025.7,1615.3,2106.6,239.6,0.0,True,2
91,13,0,3709.1,3709.1,4137.4,428.3,0.0,1858.2,2094.7,0.0,0.0,False,0
92,14,2,4304.0,5642.5,4484.9,180.9,1338.4,1969.5,2343.5,207.2,0.0,True,1
93,16,5,5822.4,6002.0,4897.9,-924.5,179.6,1923.5,2369.3,1125.6,0.0,True,4
94,16,1,4935.0,6011.7,4916.4,-18.6,1076.7,1810.2,2316.4,334.3,0.0,True,1
95,15,3,4978.8,6020.8,4512.3,-466.6,1041.9,1525.7,2237.0,755.4,0.0,True,1
96,10,1,4291.7,4965.8,4678.6,386.9,674.1,1911.3,2288.0,374.1,375.6,True,1
97,13,2,5040.4,6198.0,4700.9,-339.5,1157.6,1872.0,2313.1,620.9,0.0,True,1
98,14,2,4845.7,6176.0,4720.1,-125.6,1330.3,1922.4,2480.2,530.0,0.0,True,1
99,12,0,3186.9,3186.9,3575.6,388.7,0.0,1630.3,2318.8,0.0,0.0,False,0
100,11,0,3542.0,3542.0,3851.1,309.1,0.0,1843.0,2116.5,0.0,0.0,False,0
101,11,3,4057.1,5289.7,3870.0,-187.1,1232.6,1645.2,2233.1,424.8,0.0,True,2
102,15,4,4836.3,5374.1,4411.3,-425.0,537.8,1425.5,1948.0,772.5,0.0,True,4
103,10,2,4279.6,5458.7,3976.9,-302.7,1179.1,1857.0,2192.3,590.5,453.4,True,1
104,16,5,5367.2,6296.7,4734.7,-632.5,929.4,1791.0,2281.2,1070.9,0.0,True,3
105,15,3,4064.8,5054.3,4024.8,-40.0,989.6,1765.6,2390.8,474.1,0.0,True,3
106,16,5,5278.1,6231.8,5601.8,323.7,953.7,1876.9,2333.1,741.4,455.2,True,4
107,16,5,5507.3,5681.5,4469.4,-1038.0,174.2,1561.7,2020.6,976.2,0.0,True,4
108,10,3,3993.5,4686.2,4182.0,188.5,692.7,1676.3,2032.0,674.9,164.6,True,2
109,15,2,4351.9,5475.5,4652.8,300.8,1123.6,1568.9,2329.5,637.1,251.5,True,1
110,14,2,4087.5,4927.5,4445.7,358.2,840.1,1915.2,2308.2,443.6,173.8,True,2
111,14,1,4682.6,5612.4,4727.2,44.6,929.7,1686.1,2442.3,66.0,87.6,True,1
112,11,4,3921.0,5177.2,3734.2,-186.7,1256.3,1849.5,2278.7,611.0,0.0,True,1
113,16,3,5255.0,6306.7,5243.0,-12.0,1051.7,1575.3,2269.1,846.9,438.3,True,2
114,12,1,4434.3,5824.4,4525.6,91.4,1390.1,1966.5,2442.6,66.0,0.0,True,0
115,10,4,5139.8,6452.7,4374.9,-764.9,1312.9,2064.8,2306.7,754.1,0.0,True,2
116,12,2,4213.0,5231.2,4066.7,-146.3,1018.2,1683.5,2053.5,537.1,0.0,True,1
117,10,0,3596.7,3596.7,3874.0,277.3,0.0,1526.8,2374.2,0.0,0.0,False,0
118,13,0,3812.2,3812.2,4022.0,209.8,0.0,1618.3,2174.2,0.0,0.0,False,0
119,12,3,5509.1,5752.9,4593.1,-916.1,243.7,2053.1,2480.6,701.9,0.0,True,2
120,10,3,4084.5,5384.9,4317.0,232.6,1300.4,2087.1,2380.0,360.5,225.9,True,0
121,10,3,5213.0,5621.6,4038.7,-1174.3,408.6,1775.2,2096.7,606.8,0.0,True,2
122,16,2,3595.1,4963.5,3897.3,302.2,1368.4,1793.5,2275.5,296.5,0.0,True,1
123,16,1,4421.7,5700.9,4339.9,-81.8,1279.2,1722.2,1976.7,336.4,0.0,True,0
124,16,7,6227.1,6482.2,5055.4,-1171.7,255.2,1873.9,2435.6,1260.5,0.0,True,5
125,11,2,4793.8,5716.2,4279.1,-514.7,922.4,1631.5,2208.7,855.3,0.0,True,1
126,16,2,5015.2,5874.9,4766.1,-249.0,859.8,1663.6,2255.2,567.2,244.0,True,1
127,16,3,5349.2,5950.1,4785.2,-564.0,600.9,2041.6,2414.5,698.4,0.0,True,2
128,12,1,3887.7,5152.0,4142.6,254.9,1264.3,1769.2,2380.3,163.9,0.0,True,1
129,13,4,4870.6,5465.6,4598.7,-271.9,594.9,1579.9,2135.7,929.5,366.5,True,2
130,11,2,4570.3,5903.9,4250.6,-319.8,1333.6,2187.8,2485.3,237.4,0.0,True,1
131,13,2,4558.0,6037.6,4796.9,238.9,1479.6,2079.7,2531.7,521.2,188.1,True,0
132,14,2,4245.8,5379.9,4141.2,-104.6,1134.1,1752.3,2251.4,467.8,0.0,True,1
133,16,4,5901.5,6564.0,4912.9,-988.6,662.5,1667.8,2031.5,1016.3,127.6,True,1
134,12,5,5186.3,5620.3,4572.8,-613.6,434.0,1979.0,2431.0,848.0,0.0,True,5
135,12,4,4718.6,6005.3,4827.7,109.1,1286.6,2090.3,2432.0,581.0,360.5,True,2
136,16,4,5409.3,6206.1,4829.2,-580.1,796.8,1938.1,2548.9,792.5,79.9,True,2
137,11,1,3438.7,4772.9,3714.4,275.7,1334.2,1882.8,2104.9,180.3,135.6,True,1
138,10,4,4260.0,5404.5,4042.1,-217.9,1144.5,1895.5,2316.5,521.1,0.0,True,2
139,15,6,5699.6,5795.9,4943.5,-756.1,96.3,1611.3,2113.9,1205.7,458.0,True,4
140,10,1,3289.8,4385.8,3780.1,490.3,1096.0,1802.8,2358.3,151.6,0.0,True,1
141,12,3,4345.4,5805.5,4432.9,87.5,1460.1,2096.2,2512.1,462.5,0.0,True,0
142,15,2,5085.7,5916.3,4869.3,-216.5,830.6,1928.4,2382.0,683.2,0.0,True,2
143,10,1,3506.3,4826.8,3804.0,297.8,1320.6,1643.5,2121.5,325.9,0.0,True,0
144,13,3,4483.6,5722.3,4479.4,-4.2,1238.7,1809.5,2080.7,536.4,376.6,True,1
145,13,4,4981.5,6025.4,4434.6,-546.9,1043.9,1949.7,2358.5,716.6,0.0,True,3
146,11,3,4162.5,5256.3,3995.6,-166.9,1093.7,1682.5,2118.8,510.1,0.0,True,2
147,10,0,3229.0,3229.0,3708.6,479.6,0.0,1640.4,2217.1,0.0,0.0,False,0
148,13,3,4231.1,5046.7,3921.3,-309.8,815.6,1788.1,2183.0,617.5,0.0,True,2
149,14,3,4533.0,5600.5,4350.4,-182.5,1067.5,1614.8,2277.0,616.0,0.0,True,2
150,10,1,3720.1,5002.6,3612.2,-107.9,1282.5,1902.4,2237.0,413.1,0.0,True,0
151,10,1,4501.1,5056.7,4223.3,-277.8,555.6,1747.0,2313.7,423.2,0.0,True,1
152,15,5,4703.1,5946.1,4289.2,-413.9,1243.0,1994.1,2207.9,590.9,0.0,True,3
153,15,1,4999.7,6029.4,4738.5,-261.1,1029.7,1969.3,2478.9,379.1,0.0,True,1
154,13,3,4649.5,5699.3,4101.9,-547.6,1049.9,1748.3,2275.6,814.9,0.0,True,1
155,15,2,4940.5,5576.0,4710.1,-230.4,635.5,1632.0,2147.2,732.9,240.0,True,2
156,15,2,4976.3,5667.3,4798.2,-178.1,690.9,1975.2,2417.9,661.3,0.0,True,2
157,16,2,4550.3,5376.3,4770.5,220.2,826.0,1386.2,2229.2,472.9,274.7,True,2
158,16,5,6214.6,6114.1,4898.8,-1315.8,-100.5,1889.3,2444.6,875.4,0.0,True,4
159,10,1,4104.1,5019.1,4085.2,-18.8,915.0,1949.1,2401.4,367.0,0.0,True,1
160,12,1,3840.7,5081.2,3378.7,-462.0,1240.6,1415.3,2101.0,373.5,0.0,True,0
161,16,2,4319.4,5547.5,4477.9,158.5,1228.1,1422.4,1887.0,377.6,179.7,True,1
162,15,0,3880.7,3880.7,4204.9,324.2,0.0,1643.6,2227.2,0.0,0.0,False,0
163,13,3,4834.2,5906.9,4849.3,15.1,1072.7,1482.3,2114.3,746.2,268.2,True,2
164,16,5,5894.1,5730.2,4909.1,-985.1,-163.9,1499.9,1976.8,970.1,230.7,True,4
165,14,2,4538.9,5570.2,4361.2,-177.6,1031.4,1801.3,2381.2,562.1,0.0,True,1
166,10,1,3677.4,4888.8,3906.3,228.9,1211.4,2082.5,2367.6,66.0,0.0,True,1
167,10,1,4485.1,5817.6,4384.3,-100.9,1332.5,2144.8,2439.8,400.0,0.0,True,0
168,13,1,4602.3,5403.8,4499.7,-102.6,801.6,2067.4,2388.4,383.7,0.0,True,1
169,15,3,5334.4,5537.9,4880.9,-453.5,203.5,1780.7,2312.7,672.6,0.0,True,3
170,10,1,4063.5,4681.0,3811.3,-252.2,617.5,1703.4,2317.9,420.1,0.0,True,1
171,15,3,4806.3,5973.4,4610.3,-196.1,1167.1,1818.3,2126.9,580.8,0.0,True,1
172,11,5,4661.3,5355.6,4257.3,-404.0,694.3,1801.9,2297.8,735.3,0.0,True,4
173,13,1,4554.0,5522.6,4586.2,32.3,968.7,2192.3,2543.4,376.9,0.0,True,1
174,11,3,4680.0,5121.5,4363.8,-316.1,441.5,1678.9,2397.1,769.8,0.0,True,3
175,14,2,4512.9,5745.9,4564.3,51.5,1233.0,2190.3,2515.1,437.9,0.0,True,1
176,16,8,5589.6,6748.5,4895.1,-694.5,1158.9,1961.7,2597.4,1229.2,0.0,True,4
177,16,3,4668.6,5966.2,4781.2,112.5,1297.5,1782.8,2366.8,571.8,359.3,True,1
178,11,4,5071.6,6037.9,4084.4,-987.1,966.4,1853.3,2317.1,1170.4,0.0,True,1
179,14,4,5155.8,5927.8,4666.1,-489.7,772.0,1910.5,2309.4,859.7,0.0,True,3
180,14,3,5116.3,6282.3,4909.2,-207.1,1166.0,1937.6,2379.9,645.7,0.0,True,2
181,16,3,5470.6,6125.0,4695.4,-775.2,654.4,1773.0,2285.1,823.1,0.0,True,2
182,11,1,3565.0,4820.2,3919.0,353.9,1255.2,1678.4,2425.1,167.6,0.0,True,0
183,15,3,4280.2,5419.4,4013.4,-266.8,1139.2,1421.8,2108.9,695.0,0.0,True,1
184,13,2,4616.5,6005.5,4485.9,-130.6,1389.0,1984.2,2468.9,408.5,0.0,True,0
185,16,2,4627.2,5233.2,4434.5,-192.6,606.0,1592.7,2191.5,249.4,94.2,True,2
186,13,4,5069.6,5779.5,4731.4,-338.2,709.9,1897.0,2336.9,895.4,0.0,True,3
187,12,1,4273.3,5341.8,4668.7,395.5,1068.5,1726.2,2432.2,165.4,0.0,True,1
188,14,2,4342.9,5672.6,4390.6,47.7,1329.7,2011.7,2294.6,445.2,0.0,True,1
189,10,2,4076.0,5470.1,4051.7,-24.3,1394.1,1706.9,2248.5,511.0,0.0,True,0
190,10,1,3402.0,4511.0,3871.5,469.5,1109.0,1663.5,1973.8,146.3,0.0,True,1
191,13,2,4885.0,5187.8,4273.7,-611.3,302.8,1710.2,2525.1,525.4,0.0,True,2
192,14,2,4642.7,5301.8,4107.5,-535.2,659.2,1810.0,2422.7,558.6,0.0,True,1
193,13,3,4910.6,5299.7,4338.9,-571.7,389.1,1866.2,2318.3,532.4,0.0,True,3
194,10,2,4302.6,4910.8,3866.8,-435.8,608.2,2080.9,2421.7,575.7,0.0,True,2
195,16,4,5045.8,5416.0,4365.9,-679.9,370.2,1794.2,2356.4,1055.0,0.0,True,4
196,15,4,4702.9,5920.5,4480.7,-222.2,1217.6,1948.7,2212.2,648.6,189.4,True,1
197,13,4,4434.9,5396.9,4577.4,142.5,961.9,1725.2,2233.3,601.6,238.0,True,2
198,12,3,5491.7,6211.1,5313.9,-177.8,719.3,2134.9,2399.6,764.9,457.2,True,1
199,11,2,3712.3,4892.2,3919.7,207.4,1179.9,2088.9,2588.2,180.5,0.0,True,2
200,13,2,4437.3,5201.4,4177.2,-260.1,764.1,1783.9,2160.9,291.5,0.0,True,1
201,13,1,4270.7,5519.8,4267.9,-2.8,1249.0,1865.8,2327.4,330.3,0.0,True,0
202,11,1,4389.7,5730.6,4198.2,-191.6,1340.9,2020.9,2438.8,392.9,0.0,True,0
203,10,5,4776.8,5384.8,4579.9,-196.9,608.0,2179.4,2678.6,590.7,0.0,True,4
204,14,4,5389.7,5783.1,4607.1,-782.6,393.4,1848.5,2370.0,1021.6,0.0,True,4
205,12,2,4368.1,5668.6,4525.9,157.9,1300.5,1795.1,2423.5,393.5,0.0,True,1
206,15,4,5375.4,6242.9,4940.2,-435.2,867.5,2087.4,2548.9,913.1,0.0,True,2
207,10,1,3914.9,4882.5,3776.3,-138.6,967.6,1720.5,2299.0,353.1,0.0,True,1
208,11,2,4399.2,5331.0,4275.2,-124.1,931.8,1768.7,2340.8,206.2,0.0,True,1
209,12,2,4237.5,5649.1,3991.9,-245.6,1411.7,1737.7,2209.4,371.0,0.0,True,0
210,12,2,4656.9,5597.6,4145.4,-511.5,940.7,1796.3,2391.2,611.0,0.0,True,1
211,16,1,4253.3,5692.5,4544.6,291.4,1439.2,1772.1,2254.8,146.2,0.0,True,0
212,16,2,4464.6,5462.6,4376.1,-88.5,998.0,1764.9,2102.5,492.5,0.0,True,1
213,16,1,4592.5,5856.9,4495.8,-96.7,1264.4,1845.5,2445.0,228.5,0.0,True,0
214,12,1,3909.8,5023.9,3951.0,41.2,1114.1,1957.2,2502.0,322.6,0.0,True,1
215,12,3,5205.3,5766.4,4406.5,-798.8,561.1,1841.3,2299.5,806.5,0.0,True,2
216,13,4,4770.0,5595.0,4184.3,-585.7,825.0,1980.6,2438.3,1095.4,0.0,True,2
217,12,4,5173.4,5891.0,4345.3,-828.2,717.6,1933.8,2252.1,655.9,0.0,True,3
218,13,4,5509.3,6239.2,4706.5,-802.8,729.9,2172.3,2533.5,845.9,0.0,True,3
219,16,3,5116.8,5773.0,4887.1,-229.7,656.2,1796.8,2372.1,627.8,0.0,True,2
220,16,4,5048.1,6106.7,4404.5,-643.6,1058.6,1923.3,2318.8,815.5,0.0,True,2
221,15,5,5269.5,5602.5,4889.7,-379.9,333.0,2008.2,2502.3,718.9,309.8,True,5
222,11,1,3423.6,4576.2,3616.7,193.1,1152.6,1678.9,2065.5,239.7,0.0,True,0
223,10,2,4316.1,4968.2,4330.4,14.3,652.1,1727.7,2399.0,223.0,0.0,True,2
224,15,3,4913.5,5646.4,4323.2,-590.3,732.9,1634.4,2235.2,655.5,0.0,True,2
225,10,1,3668.7,4642.2,3545.0,-123.6,973.5,1671.0,2250.1,237.5,0.0,True,1
226,15,1,3772.6,5198.1,3812.0,39.4,1425.5,1593.5,2029.6,66.0,0.0,True,0
227,14,2,4570.6,5725.3,4661.7,91.1,1154.7,1550.3,2179.1,211.5,0.0,True,2
228,14,4,5167.5,6537.9,4430.6,-736.9,1370.4,1928.2,2302.4,634.8,0.0,True,2
229,16,2,4576.0,5202.0,4449.5,-126.5,625.9,1639.6,2211.2,651.5,0.0,True,2
230,13,3,4283.4,5247.6,4051.2,-232.1,964.2,1771.6,2300.3,850.8,0.0,True,1
231,11,1,3955.1,5057.9,4062.9,107.8,1102.8,1987.4,2356.0,331.0,0.0,True,1
232,16,3,4523.2,5433.2,4077.0,-446.2,910.0,1683.6,2087.2,713.6,72.8,True,3
233,11,2,4191.6,4923.3,3931.0,-260.6,731.8,1876.0,2378.7,537.6,0.0,True,2
234,11,5,4647.4,5773.1,4235.1,-412.4,1125.7,1962.2,2367.0,790.3,0.0,True,3
235,10,1,3826.1,4803.4,3995.9,169.8,977.3,1875.0,2386.3,65.0,0.0,True,1
236,15,2,4086.9,5331.2,4041.9,-45.0,1244.3,1558.6,2161.1,262.9,0.0,True,1
237,16,2,5294.5,5780.3,4523.3,-771.3,485.8,2020.3,2352.3,695.4,0.0,True,2
238,12,4,4700.7,5706.7,4425.1,-275.6,1006.0,1756.6,2431.4,775.9,0.0,True,2
239,15,5,5239.5,6535.3,4885.3,-354.2,1295.9,1786.3,2167.0,696.2,0.0,True,2
240,16,3,4850.9,5987.7,4355.6,-495.3,1136.8,1809.4,2131.6,779.0,0.0,True,1
241,14,3,4513.8,5811.2,4216.2,-297.6,1297.4,1573.0,2198.1,694.3,0.0,True,1
242,12,2,4790.8,5682.4,4088.8,-702.1,891.5,1666.5,2364.1,406.8,0.0,True,1
243,15,2,4384.8,5289.2,4174.1,-210.7,904.4,2019.9,2317.3,591.0,0.0,True,1
244,14,2,4867.6,5986.1,4732.5,-135.2,1118.5,1826.9,2163.6,540.6,0.0,True,1
245,12,2,4152.5,5333.4,4326.1,173.6,1180.8,1730.5,2430.9,297.4,0.0,True,1
246,11,1,3879.1,4917.9,3873.1,-5.9,1038.8,1919.5,2552.1,403.3,0.0,True,1
247,16,4,6264.2,7655.0,6262.5,-1.6,1390.8,1866.7,2243.0,991.9,953.3,True,1
248,10,1,3739.5,4902.7,4443.0,703.5,1163.2,1853.9,2363.7,66.0,71.4,True,1
249,11,2,3877.3,4910.6,3802.2,-75.1,1033.3,1726.0,2486.2,693.1,0.0,True,1
250,14,3,4361.3,5623.1,4638.3,277.0,1261.8,1526.1,2252.8,407.8,154.3,True,2
251,14,3,5524.1,6169.1,5412.6,-111.5,645.0,2012.5,2505.4,1001.1,454.1,True,2
252,11,4,5362.0,6544.8,4518.8,-843.2,1182.8,2131.1,2531.1,956.5,0.0,True,0
253,13,1,4369.2,5812.2,4543.5,174.3,1442.9,1959.3,2197.5,66.0,66.0,True,0
254,14,4,5381.6,5820.6,4528.9,-852.7,439.0,1834.1,2176.6,1173.2,0.0,True,3
255,11,0,3422.5,3422.5,4101.2,678.8,0.0,1580.6,2281.3,0.0,0.0,False,0
256,11,0,2900.5,2900.5,3501.4,600.9,0.0,1840.6,2341.4,0.0,0.0,False,0
257,14,4,4893.9,5459.2,4217.7,-676.2,565.3,1818.4,2207.5,1038.5,0.0,True,3
258,10,2,4059.8,5392.5,4431.1,371.2,1332.7,2049.3,2588.4,339.2,0.0,True,1
259,14,2,4435.4,5207.3,4215.0,-220.4,771.8,1656.7,1989.1,482.4,0.0,True,2
260,15,2,4792.9,5581.5,4726.8,-66.1,788.6,2093.7,2396.9,521.1,0.0,True,2
261,10,1,3947.9,5075.6,4180.3,232.4,1127.7,1996.9,2537.1,148.3,0.0,True,1
262,16,2,4684.4,5407.3,4397.5,-286.8,722.9,1502.4,1938.8,265.5,0.0,True,2
263,13,5,5157.2,5649.6,4703.6,-453.5,492.5,2151.1,2595.6,833.0,0.0,True,5
264,16,2,4823.1,5594.7,4673.7,-149.4,771.6,1861.0,2474.2,725.0,0.0,True,2
265,11,4,4419.0,5546.1,4347.5,-71.5,1127.1,2153.6,2489.7,566.3,0.0,True,2
266,10,1,4273.2,5167.0,4852.6,579.4,893.8,2032.0,2678.6,322.8,313.4,True,1
267,11,1,3884.9,5212.9,4199.8,314.9,1328.1,2025.9,2246.8,66.0,0.0,True,1
268,10,3,4279.2,4970.2,3909.4,-369.8,691.1,1880.2,2412.9,715.9,0.0,True,3
269,12,1,4016.9,5137.2,4165.9,149.1,1120.3,1499.6,2196.4,189.6,0.0,True,1
270,13,2,4796.9,6263.3,4247.6,-549.3,1466.3,1909.6,2481.2,535.1,0.0,True,0
271,12,1,3836.9,5068.6,4175.3,338.4,1231.7,1797.3,2146.6,66.0,0.0,True,1
272,14,3,5252.6,5766.2,4014.2,-1238.5,513.6,1752.4,2015.8,978.9,0.0,True,2
273,14,1,4253.2,5303.9,4356.7,103.5,1050.8,1432.3,2110.9,245.6,0.0,True,1
274,13,0,3909.7,3909.7,4222.8,313.1,0.0,1810.9,2357.0,0.0,0.0,False,0
275,14,4,5623.4,5973.6,4750.8,-872.6,350.2,2026.2,2391.3,911.1,92.0,True,3
276,11,2,4795.3,5508.9,5002.9,207.6,713.6,1820.2,2379.8,609.9,127.5,True,2
277,13,4,6319.0,5628.2,4692.3,-1626.6,-690.7,1892.6,2338.1,1097.2,85.5,True,4
278,13,3,4019.3,5111.8,3878.8,-140.5,1092.6,1987.2,2287.7,467.3,0.0,True,2
279,10,2,4284.3,5432.5,4037.5,-246.8,1148.2,1732.4,2335.3,603.4,0.0,True,1
280,13,3,4980.0,5685.5,4896.3,-83.8,705.4,2119.1,2411.7,822.2,360.2,True,2
281,15,2,4659.2,5996.1,4816.3,157.1,1336.9,1961.6,2116.1,455.5,370.6,True,1
282,15,3,5646.3,5694.0,4488.8,-1157.5,47.7,1784.9,2055.2,1033.8,0.0,True,2
283,10,1,3735.6,4738.8,3553.3,-182.2,1003.2,1924.0,2368.2,402.8,0.0,True,1
284,13,3,4888.5,6342.1,4407.0,-481.5,1453.5,1827.6,2260.2,544.3,0.0,True,1
285,16,3,4487.6,5781.8,4750.5,262.9,1294.2,1458.0,2188.9,582.2,416.4,True,1
286,15,5,5273.3,6288.7,4984.0,-289.2,1015.5,1845.7,2250.7,946.3,360.7,True,3
287,15,3,4780.2,5606.7,4963.2,183.0,826.5,1819.5,2304.8,405.5,222.1,True,3
288,10,1,3807.2,4980.0,4107.5,300.2,1172.7,1858.2,2387.7,186.1,0.0,True,1
289,16,3,5017.6,6044.3,5224.9,207.3,1026.6,2167.6,2388.4,633.4,443.9,True,3
290,15,3,5630.6,6619.0,5116.2,-514.4,988.4,2128.1,2659.7,520.3,0.0,True,2
291,12,1,4338.4,5513.6,4356.8,18.3,1175.2,1854.7,2239.7,183.0,0.0,True,1
292,13,1,4338.2,5470.3,4378.0,39.8,1132.1,1840.0,2377.7,160.6,0.0,True,1
293,12,1,4156.9,5033.9,3839.5,-317.5,877.0,1562.3,2357.7,391.7,0.0,True,1
294,12,2,4134.6,5328.7,3677.0,-457.6,1194.1,1797.1,2177.7,456.6,0.0,True,1
295,13,1,4404.1,5214.4,4435.7,31.7,810.3,1559.6,2318.9,448.8,0.0,True,1
296,11,1,4244.0,5452.7,3980.2,-263.8,1208.7,1751.4,2127.2,333.6,0.0,True,0
297,16,5,5938.2,6758.8,4765.0,-1173.2,820.6,1802.8,2313.2,1008.8,0.0,True,3
298,16,2,4554.8,5663.2,4321.3,-233.5,1108.4,1684.8,1925.8,349.6,0.0,True,1
299,13,1,4451.1,5751.2,4263.5,-187.7,1300.1,1881.2,2295.4,368.9,0.0,True,0
300,13,1,3703.5,5124.1,3988.8,285.3,1420.6,1758.7,2241.4,66.0,0.0,True,0
301,11,1,3497.2,4725.5,4149.9,652.6,1228.2,1857.2,2271.5,66.0,0.0,True,1
302,13,3,4481.1,5406.0,4459.9,-21.2,925.0,1727.0,2442.2,472.4,0.0,True,3
303,12,3,4303.2,5445.0,4200.2,-103.0,1141.8,1798.7,2179.3,562.6,0.0,True,2
304,15,5,5684.3,5968.1,4892.2,-792.1,283.8,2181.4,2678.6,934.4,0.0,True,5
305,10,1,4426.9,5186.1,4115.9,-311.1,759.2,1914.5,2309.8,433.9,0.0,True,1
306,10,3,4849.9,5231.9,4190.1,-659.8,382.0,2010.3,2387.4,683.7,130.2,True,3
307,13,4,5753.2,5804.6,4811.9,-941.2,51.4,1833.2,2327.1,1053.6,0.0,True,3
308,11,3,4668.7,5133.2,4065.2,-603.5,464.4,1896.6,2199.4,712.9,319.5,True,2
309,12,3,5114.8,5849.9,4305.2,-809.6,735.1,1855.8,2383.0,773.6,0.0,True,2
310,16,2,4582.4,5518.8,4486.7,-95.7,936.3,1847.6,2102.3,393.2,0.0,True,2
311,10,0,3718.2,3718.2,4100.0,381.8,0.0,1618.8,2150.6,0.0,0.0,False,0
312,16,3,4503.7,5784.0,4495.6,-8.1,1280.3,1624.3,2417.7,510.3,0.0,True,0
313,14,3,5315.9,5359.7,5217.5,-98.4,43.8,1712.6,2280.8,956.1,461.1,True,3
314,12,1,3393.1,4659.5,3766.0,372.9,1266.4,1548.0,2224.3,174.0,0.0,True,1
315,11,0,3664.5,3664.5,3875.1,210.6,0.0,1672.3,2103.0,0.0,0.0,False,0
316,16,2,4499.7,5773.4,4394.9,-104.8,1273.7,1583.3,2170.5,188.3,0.0,True,1
317,11,1,4168.5,4997.2,4480.5,312.0,828.8,1720.7,2360.1,397.5,360.8,True,1
318,12,3,4700.7,5525.7,3995.0,-705.7,824.9,1922.2,2112.7,785.0,0.0,True,1
319,16,3,4246.6,5469.1,4280.2,33.7,1222.5,1698.1,2244.0,369.2,0.0,True,0
320,11,2,4857.7,5966.6,4716.8,-140.9,1108.9,1929.3,2405.4,616.6,0.0,True,1
321,12,3,4904.2,5541.3,4487.1,-417.1,637.1,1786.1,2366.8,481.9,0.0,True,2
322,11,2,4117.2,5073.1,4088.3,-28.9,955.9,1767.5,2229.8,277.2,0.0,True,2
323,13,1,4400.6,5357.9,3967.4,-433.3,957.2,2097.8,2279.8,482.1,0.0,True,1
324,14,1,4208.0,5059.1,4079.5,-128.4,851.1,1671.3,2238.7,237.3,0.0,True,1
325,14,3,4077.1,5240.0,4295.4,218.3,1162.9,1555.5,2240.9,222.2,0.0,True,2
326,14,3,4884.6,5826.1,4973.4,88.7,941.5,2129.7,2399.8,920.2,219.9,True,2
327,10,1,3756.1,4892.3,4224.3,468.2,1136.3,1813.4,2465.5,232.2,0.0,True,1
328,15,2,5122.1,5794.1,4840.1,-282.0,671.9,1554.8,2274.4,693.6,0.0,True,2
329,10,2,4034.3,4889.5,3625.5,-408.8,855.2,1722.1,2313.4,330.0,0.0,True,1
330,12,5,5469.2,5348.6,4225.1,-1244.1,-120.6,1969.1,2437.8,905.4,0.0,True,4
331,16,3,5083.9,6002.5,4343.1,-740.8,918.6,1509.2,2007.9,795.7,0.0,True,2
332,13,5,5390.2,5537.8,4593.2,-797.0,147.5,1763.5,2114.3,1111.5,0.0,True,5
333,16,2,5128.0,5769.1,4861.0,-267.0,641.1,1727.1,2361.0,624.4,0.0,True,2
334,15,2,5080.6,6354.3,4925.4,-155.2,1273.7,1784.7,2141.9,503.3,0.0,True,1
335,14,1,4219.4,5216.9,4277.5,58.0,997.4,1925.3,2465.8,165.2,0.0,True,1
336,14,2,4250.9,5350.8,4291.3,40.4,1099.9,1865.0,2181.3,370.9,0.0,True,1
337,14,2,3766.8,5172.1,4222.2,455.4,1405.3,1760.4,2219.1,161.6,0.0,True,2
338,13,1,3941.1,5396.3,4243.1,302.0,1455.2,1841.9,2353.6,146.3,0.0,True,0
339,11,1,3700.1,4762.0,4015.4,315.3,1061.9,1521.1,2294.1,66.0,0.0,True,1
340,14,0,3741.5,3741.5,4150.7,409.2,0.0,1475.5,1934.2,0.0,0.0,False,0
341,12,0,3790.5,3790.5,4128.7,338.2,0.0,1850.2,2304.6,0.0,0.0,False,0
342,14,2,4394.8,5656.6,4360.0,-34.8,1261.7,2022.7,2459.0,375.7,0.0,True,1
343,13,1,4237.7,5087.1,4462.1,224.4,849.4,1660.4,2158.6,477.6,0.0,True,1
344,11,1,4281.3,4980.8,4214.4,-67.0,699.5,1597.9,2148.2,457.9,0.0,True,1
345,14,4,4985.1,5804.4,4598.9,-386.2,819.4,2113.3,2367.3,812.3,0.0,True,3
346,13,4,4622.6,5426.8,3814.6,-808.0,804.2,1825.0,2084.5,654.8,88.4,True,3
347,11,3,5075.3,5480.6,4049.2,-1026.0,405.4,1960.4,2469.4,740.9,0.0,True,2
348,13,0,3864.6,3864.6,4196.4,331.9,0.0,1905.2,2423.4,0.0,0.0,False,0
349,16,3,5364.3,5606.2,4896.1,-468.2,241.9,1948.7,2536.4,936.8,126.4,True,3
350,11,1,3923.8,4857.8,4284.6,360.8,934.0,1856.8,2275.9,322.7,313.0,True,1
351,12,0,3646.9,3646.9,4056.6,409.6,0.0,1756.5,2167.3,0.0,0.0,False,0
352,16,6,5675.5,6509.5,4833.2,-842.3,834.0,2044.6,2347.1,1123.0,0.0,True,4
353,11,0,4276.1,4276.1,4554.3,278.2,0.0,2191.9,2441.2,0.0,0.0,False,0
354,10,0,3471.8,3471.8,4005.0,533.2,0.0,1968.9,2426.2,0.0,0.0,False,0
355,11,2,4600.0,5656.9,4260.6,-339.4,1056.9,2009.1,2355.2,713.6,0.0,True,1
356,10,2,4015.9,5196.3,4483.2,467.2,1180.4,2169.6,2642.2,200.4,217.7,True,2
357,13,4,4275.0,5666.8,4497.3,222.3,1391.7,1889.9,2277.1,337.2,252.7,True,1
358,16,2,4589.4,5465.8,4584.0,-5.4,876.4,1580.0,2236.9,374.3,0.0,True,2
359,10,1,3917.1,4802.2,3872.8,-44.4,885.1,1712.4,2326.0,370.7,0.0,True,1
360,13,1,4288.4,5160.9,4288.1,-0.2,872.5,1825.4,2191.6,373.3,0.0,True,1
361,11,1,4403.0,5750.4,4768.0,365.0,1347.4,2175.7,2586.1,393.9,359.2,True,0
362,11,3,4649.3,4508.1,3666.3,-983.0,-141.1,1723.8,2215.1,684.9,0.0,True,3
363,16,5,5579.6,6197.6,4630.9,-948.7,618.0,1784.4,2400.8,865.8,0.0,True,4
364,14,2,4846.5,5354.9,4454.4,-392.1,508.4,1939.7,2472.3,428.6,0.0,True,2
365,11,2,4690.2,5196.5,4315.5,-374.7,506.3,1971.0,2534.6,327.0,0.0,True,2
366,15,2,4674.5,5178.8,4365.0,-309.5,504.3,1734.2,2148.7,413.9,99.3,True,2
367,10,1,4024.4,5375.1,4063.9,39.5,1350.7,1998.3,2473.6,334.6,0.0,True,0
368,13,4,4812.5,5409.8,4568.3,-244.3,597.3,1703.9,2206.4,933.9,449.9,True,3
369,15,3,4740.2,5773.3,4568.6,-171.6,1033.2,1826.7,2125.8,489.8,0.0,True,2
370,12,0,3966.4,3966.4,4285.8,319.4,0.0,1685.0,2438.0,0.0,0.0,False,0
371,15,2,4266.9,5572.1,4006.8,-260.1,1305.2,1849.6,2230.4,493.3,0.0,True,0
372,14,1,4269.4,5499.7,4550.1,280.8,1230.3,1898.1,2228.8,66.0,0.0,True,1
373,15,3,4601.2,5518.7,4677.0,75.8,917.5,2049.9,2616.5,411.0,0.0,True,2
374,12,2,4804.5,5960.2,4659.1,-145.4,1155.6,2197.8,2424.5,478.1,0.0,True,1
375,12,1,4275.9,5476.1,4514.9,239.0,1200.2,1981.4,2501.2,162.7,0.0,True,1
376,10,2,4984.1,5297.4,4554.9,-429.3,313.3,2076.3,2481.0,742.7,0.0,True,2
377,10,0,3626.5,3626.5,4328.3,701.8,0.0,2014.7,2365.0,0.0,123.7,False,0
378,11,4,4962.9,5311.4,4343.6,-619.3,348.5,2031.0,2555.7,981.9,0.0,True,4
379,15,4,5430.6,5901.0,4897.9,-532.7,470.4,2048.0,2572.8,896.6,0.0,True,3
380,11,1,4012.5,5235.4,4051.5,39.0,1222.9,1746.8,2244.3,378.7,0.0,True,0
381,12,2,4028.4,5469.0,4163.5,135.1,1440.6,1774.3,2192.6,169.9,0.0,True,0
382,10,3,4962.5,5128.4,4312.2,-650.3,165.9,2016.5,2298.4,587.3,0.0,True,3
383,15,3,4730.5,5482.2,4421.5,-308.9,751.7,1634.3,2131.0,721.4,0.0,True,2
384,10,0,3145.8,3145.8,3513.2,367.4,0.0,1708.3,2407.1,0.0,0.0,False,0
385,10,0,3746.9,3746.9,4034.4,287.5,0.0,2085.8,2445.8,0.0,0.0,False,0
386,13,3,5083.8,5615.5,4898.8,-185.1,531.7,1625.9,2192.5,579.9,0.0,True,3
387,16,7,5647.3,5674.3,4668.2,-979.1,27.0,2008.7,2411.1,1181.0,0.0,True,7
388,13,2,4633.0,5817.4,4684.0,51.0,1184.4,2046.9,2523.8,510.1,0.0,True,1
389,13,2,4702.7,5235.2,4378.9,-323.8,532.5,1728.9,2423.7,868.1,0.0,True,2
390,16,3,4950.6,6101.9,4835.9,-114.7,1151.3,1674.6,2207.6,621.2,0.0,True,2
391,14,4,5211.7,5999.3,4426.3,-785.4,787.6,2143.0,2504.8,789.3,0.0,True,2
392,14,3,5127.9,5887.2,4331.9,-796.0,759.3,1692.9,2223.2,1055.1,0.0,True,2
393,13,6,5542.9,5663.2,4746.6,-796.3,120.3,1821.2,2342.4,1050.3,0.0,True,5
394,15,2,4763.8,5634.5,4463.7,-300.1,870.7,1706.4,2181.5,647.0,0.0,True,1
395,14,3,4817.0,5990.2,4594.8,-222.2,1173.2,1730.6,2129.7,771.0,174.4,True,1
396,13,2,4818.6,6023.0,4353.6,-465.1,1204.4,2064.8,2536.6,285.4,0.0,True,0
397,11,1,3571.6,4988.8,3810.2,238.7,1417.2,1781.0,2368.1,197.2,0.0,True,1
398,10,3,5075.5,5170.1,4332.6,-742.9,94.5,1956.6,2530.6,863.3,93.9,True,3
399,13,3,5436.8,6382.7,4783.4,-653.4,945.8,1746.5,2262.4,1083.6,437.8,True,1
400,10,1,4118.2,5308.6,4222.9,104.6,1190.4,1790.5,2286.7,334.1,0.0,True,0
401,14,2,4433.5,5178.5,4837.2,403.6,745.0,1551.9,2056.0,404.0,187.1,True,2
402,15,3,4738.9,5793.7,4396.9,-342.0,1054.8,2071.7,2374.2,641.1,0.0,True,2
403,15,3,4657.5,5927.6,4794.1,136.6,1270.1,1467.5,2233.1,354.4,150.1,True,1
404,10,3,4932.2,5203.2,4352.8,-579.4,271.0,1824.8,2412.1,642.9,0.0,True,3
405,10,2,4252.9,5232.0,4380.9,128.0,979.0,1698.0,2393.6,479.0,0.0,True,2
406,16,3,5098.6,6303.9,4508.5,-590.0,1205.3,1799.0,2253.1,640.5,0.0,True,1
407,16,2,4156.1,5335.4,4013.7,-142.4,1179.4,1400.0,2105.8,584.4,0.0,True,1
408,11,1,3355.0,4528.0,3503.9,148.9,1173.0,1968.6,2295.1,194.2,0.0,True,1
409,12,2,4462.9,5277.9,4502.9,40.0,815.1,2040.8,2450.8,370.9,0.0,True,2
410,13,4,4377.9,5083.6,4146.3,-231.6,705.7,1387.5,2178.5,663.1,0.0,True,4
411,16,7,5725.0,6029.0,4888.3,-836.7,304.0,2037.0,2283.7,934.6,0.0,True,6
412,16,0,3691.6,3691.6,4416.8,725.2,0.0,1662.7,1861.8,0.0,187.9,False,0
413,14,2,4735.1,5638.2,4695.6,-39.5,903.1,1801.8,2542.5,530.8,0.0,True,2
414,10,0,3736.1,3736.1,4081.7,345.6,0.0,1688.6,2404.7,0.0,0.0,False,0
415,15,3,4756.9,6237.9,4604.5,-152.4,1481.0,1828.1,2401.9,716.7,0.0,True,2
416,13,4,4855.3,5722.8,4826.7,-28.6,867.5,2037.6,2515.7,793.0,366.8,True,3
417,14,3,5415.4,5247.4,4902.3,-513.2,-168.0,1572.3,1914.4,663.2,496.6,True,3
418,14,4,4740.4,5871.4,4472.9,-267.5,1131.0,2250.0,2540.7,656.3,0.0,True,3
419,11,1,3492.0,4634.3,3759.8,267.8,1142.3,1962.4,2335.3,146.1,0.0,True,1
420,14,4,4560.1,5630.7,4677.5,117.5,1070.6,1943.4,2420.1,488.9,359.8,True,2
421,12,3,4488.5,5255.0,4082.5,-406.0,766.4,1731.1,2112.8,465.9,0.0,True,2
422,11,0,3437.5,3437.5,3920.5,483.1,0.0,1928.4,2463.0,0.0,0.0,False,0
423,15,3,4874.7,5762.7,4823.4,-51.3,888.0,1799.0,2196.2,731.7,361.8,True,1
424,11,3,4662.8,5410.9,4283.2,-379.7,748.0,1915.6,2492.4,676.3,0.0,True,2
425,15,2,4571.3,5295.6,4401.2,-170.1,724.3,1853.4,2393.6,541.2,0.0,True,2
426,14,2,4517.5,5392.7,4267.6,-249.9,875.2,1757.7,1997.7,494.2,0.0,True,2
427,10,3,4819.4,5432.8,4155.6,-663.8,613.4,1735.3,2327.7,820.0,0.0,True,2
428,15,3,4924.1,5960.0,4444.6,-479.5,1035.9,1803.6,2259.1,724.7,0.0,True,2
429,14,4,5305.7,5853.3,4276.0,-1029.7,547.7,1701.8,2239.5,966.8,0.0,True,2
430,10,2,4088.7,5274.7,3957.6,-131.1,1186.0,1710.3,2200.9,502.1,0.0,True,1
431,11,0,3869.2,3869.2,4043.8,174.6,0.0,1703.9,2202.9,0.0,0.0,False,0
432,16,7,5512.3,6363.1,4683.3,-829.0,850.8,2139.4,2535.4,997.2,0.0,True,5
433,10,3,4245.2,5374.9,4043.7,-201.5,1129.7,2139.2,2537.4,625.4,0.0,True,2
434,16,3,4816.2,5925.5,4514.3,-301.9,1109.3,1562.9,2140.9,514.4,0.0,True,1
435,13,2,4558.2,5966.1,4596.1,37.9,1407.9,2088.3,2546.1,399.5,0.0,True,1
436,10,2,4336.9,5128.9,4249.9,-87.0,792.0,2010.8,2467.9,498.1,0.0,True,2
437,14,1,4352.9,5810.8,4533.8,180.9,1457.9,1941.6,2276.6,66.0,66.0,True,0
438,13,4,5543.7,5932.9,4533.7,-1010.1,389.1,2025.2,2302.6,985.0,0.0,True,3
439,14,5,4943.4,5819.3,4369.3,-574.1,875.9,1915.1,2172.3,782.4,0.0,True,4
440,16,4,6002.2,5654.7,4795.3,-1206.9,-347.5,1668.0,2072.3,1021.3,0.0,True,4
441,12,2,4849.3,5208.1,4320.8,-528.5,358.7,1494.7,2386.3,508.9,0.0,True,2
442,11,1,4387.9,5428.1,4505.0,117.0,1040.1,1908.5,2304.8,157.1,0.0,True,1
443,10,1,3642.5,5019.6,3834.0,191.5,1377.1,1873.1,2361.5,66.0,0.0,True,0
444,15,4,4937.8,6096.4,4484.5,-453.3,1158.5,1923.1,2547.6,455.1,0.0,True,3
445,16,1,4996.6,5723.2,4867.5,-129.1,726.6,2149.8,2544.6,474.5,0.0,True,1
446,13,3,4822.3,6005.3,4263.5,-558.8,1183.0,1877.9,2266.8,696.9,0.0,True,1
447,15,1,4281.0,5378.9,4322.5,41.5,1097.9,1703.9,2309.8,422.2,0.0,True,1
448,11,2,4367.9,4838.5,3817.6,-550.3,470.6,1714.1,2150.7,218.0,0.0,True,2
449,10,1,3897.7,5319.0,3679.9,-217.8,1421.3,1986.3,2453.4,66.0,0.0,True,0
450,12,5,4749.6,5260.3,4613.8,-135.7,510.8,2207.3,2455.0,843.7,282.9,True,5
451,11,0,3650.8,3650.8,3932.3,281.6,0.0,2064.8,2220.3,0.0,0.0,False,0
452,13,1,4105.3,5418.3,4009.7,-95.6,1313.0,1432.3,2140.6,378.7,0.0,True,0
453,10,1,3735.4,5079.4,3838.2,102.8,1344.0,1696.2,2237.0,233.0,0.0,True,0
454,16,0,4680.9,4680.9,4688.1,7.2,0.0,1787.5,2485.1,0.0,0.0,False,0
455,10,1,3926.0,4669.7,3609.3,-316.7,743.8,1680.8,2371.6,323.4,0.0,True,1
456,15,3,5538.1,6283.1,4863.3,-674.9,744.9,2273.0,2602.4,788.2,0.0,True,2
457,16,4,4883.5,5594.3,4793.1,-90.3,710.9,1843.8,2425.8,607.5,0.0,True,4
458,11,1,3814.5,4716.8,4508.6,694.1,902.4,1724.8,2248.5,395.8,454.2,True,1
459,13,2,4039.3,5428.2,4329.9,290.6,1388.9,2117.5,2416.1,262.0,195.6,True,1
460,13,2,4332.8,5278.0,4276.3,-56.5,945.2,2051.6,2333.5,434.5,0.0,True,2
461,12,2,4328.3,5528.8,4204.6,-123.7,1200.5,1751.1,2274.0,435.2,0.0,True,1
462,16,2,4805.4,5807.5,4644.0,-161.4,1002.1,1824.1,2313.4,817.8,0.0,True,1
463,12,2,3853.0,5127.1,3843.1,-10.0,1274.1,1816.7,2362.7,424.9,0.0,True,0
464,10,5,5056.1,5585.8,4342.3,-713.8,529.7,2052.7,2592.2,1009.3,0.0,True,4
465,12,2,4393.9,5302.3,4374.7,-19.2,908.5,2095.4,2516.2,510.1,0.0,True,2
466,12,1,3511.5,4680.8,3805.5,294.0,1169.3,1672.6,2143.6,176.3,0.0,True,1
467,11,5,4591.1,5119.8,4352.2,-238.9,528.7,2070.3,2405.5,702.2,0.0,True,5
468,16,4,5958.8,6277.6,4464.9,-1493.9,318.8,1800.6,2079.1,678.0,0.0,True,2
469,13,3,4981.4,6084.8,4616.8,-364.6,1103.4,1950.8,2343.0,650.7,0.0,True,2
470,14,3,5133.0,5961.2,4486.7,-646.3,828.2,1630.7,2092.0,757.6,0.0,True,2
471,16,3,4902.7,5855.2,4903.0,0.3,952.5,1798.1,2175.0,800.1,362.3,True,2
472,14,2,4300.8,5552.8,4380.7,79.9,1252.0,1588.4,2210.6,420.3,0.0,True,1
473,10,3,4284.6,5313.3,4096.7,-187.9,1028.7,2104.7,2590.7,591.2,0.0,True,1
474,16,4,5109.5,5724.1,4390.5,-719.0,614.6,2043.6,2405.4,972.5,0.0,True,3
475,10,3,4721.4,5644.6,4950.8,229.3,923.2,1848.7,2410.9,824.2,374.7,True,2
476,16,2,4525.6,5568.7,5472.4,946.8,1043.1,1720.8,2158.0,294.9,360.3,True,2
477,12,4,5038.3,5490.3,4011.8,-1026.6,451.9,1963.4,2204.1,672.7,0.0,True,2
478,11,2,4093.5,4960.1,4622.7,529.2,866.6,1923.5,2389.1,355.9,371.9,True,2
479,10,2,3768.7,4793.4,3913.6,145.0,1024.8,1871.9,2379.2,417.1,0.0,True,2
480,14,1,4217.2,5202.1,4217.4,0.2,984.9,1766.1,2190.1,330.7,0.0,True,1
481,11,1,3990.9,5295.3,4194.5,203.6,1304.4,2078.7,2362.5,156.6,0.0,True,0
482,14,2,5044.1,6084.5,4870.2,-173.9,1040.4,2060.7,2532.1,250.1,0.0,True,1
483,13,4,5517.1,6241.9,4904.0,-613.1,724.7,2003.5,2506.7,875.3,0.0,True,3
484,10,2,4154.1,5267.8,4149.5,-4.6,1113.8,1871.5,2417.7,422.3,0.0,True,1
485,16,6,6023.3,7040.1,5357.0,-666.2,1016.8,2051.0,2509.3,1117.3,307.5,True,4
486,16,2,4605.1,5307.5,4324.4,-280.8,702.3,1681.1,2222.5,679.7,0.0,True,2
487,13,1,4057.2,5501.5,4291.1,233.9,1444.2,1916.0,2385.7,150.1,0.0,True,0
488,15,3,4971.1,5654.9,4328.7,-642.5,683.8,1506.3,2369.5,901.8,0.0,True,2
489,15,7,5385.4,6132.6,5135.9,-249.5,747.2,2071.3,2351.9,1056.7,335.6,True,5
490,14,5,5629.5,6064.9,4854.6,-774.9,435.4,1916.5,2423.7,1123.1,0.0,True,4
491,11,2,4111.4,5319.9,4378.4,267.0,1208.5,1817.8,2250.8,414.5,0.0,True,1
492,14,4,5583.9,5556.8,4404.0,-1180.0,-27.1,2066.8,2384.1,1074.2,0.0,True,4
493,10,2,4157.3,5132.1,4120.7,-36.5,974.8,1588.3,2215.2,376.2,0.0,True,1
494,12,2,4201.1,5210.0,4200.0,-1.1,1008.9,1699.8,2273.0,311.5,79.6,True,2
495,16,2,4858.3,5500.3,4392.8,-465.5,642.0,1695.2,2237.8,668.0,0.0,True,1
496,12,1,3979.3,5035.9,4095.9,116.6,1056.6,1906.4,2316.2,66.0,0.0,True,1
497,10,2,4264.9,5507.8,4246.2,-18.7,1242.9,1747.3,2223.1,514.9,0.0,True,1
498,15,2,4013.3,5188.4,4206.5,193.3,1175.2,1728.2,2363.2,73.3,0.0,True,2
499,10,0,3983.9,3983.9,4320.6,336.8,0.0,2044.3,2428.3,0.0,0.0,False,0
500,12,2,4583.4,5867.9,4518.2,-65.1,1284.5,2153.3,2554.2,632.6,0.0,True,0
501,15,2,4677.4,6016.9,4476.6,-200.9,1339.5,2007.0,2278.5,440.5,0.0,True,1
502,15,3,4868.1,5640.9,4814.5,-53.7,772.8,1387.3,2147.6,860.4,382.7,True,2
503,16,2,4824.5,5178.8,4291.7,-532.8,354.2,1857.4,2214.6,623.0,0.0,True,2
504,16,2,4749.3,5837.5,5121.2,371.9,1088.2,2042.1,2489.1,366.5,123.0,True,2
505,10,2,4598.8,5608.1,4113.3,-485.5,1009.3,2109.2,2608.4,431.8,0.0,True,1
506,10,3,4569.9,5152.9,4102.1,-467.8,583.0,1506.2,2228.7,788.6,0.0,True,3
507,13,2,4342.1,5236.7,4098.1,-244.0,894.6,1770.3,2083.2,597.2,0.0,True,2
508,14,2,4538.6,5846.9,4474.0,-64.6,1308.3,1664.4,2196.8,470.2,0.0,True,1
509,11,2,4282.8,5538.7,4380.7,97.9,1255.9,2081.5,2461.5,222.8,0.0,True,2
510,16,2,4958.4,6109.2,4717.4,-241.0,1150.9,1824.9,2442.3,319.5,0.0,True,1
511,11,1,3854.5,5019.0,4246.7,392.2,1164.5,1675.5,2185.1,151.0,0.0,True,1
512,13,5,4808.6,5405.7,4350.4,-458.2,597.1,1579.6,2099.9,870.5,209.0,True,3
513,16,5,5759.2,6169.0,4366.4,-1392.8,409.8,1578.8,2033.8,891.0,0.0,True,3
514,12,4,4411.7,5151.8,4341.0,-70.7,740.1,1942.2,2419.9,634.3,0.0,True,4
515,14,5,5521.5,6176.0,5445.7,-75.8,654.6,1936.7,2298.1,863.4,416.5,True,3
516,15,5,5410.2,5981.6,4563.7,-846.5,571.5,1790.3,2486.3,972.3,0.0,True,3
517,13,3,4497.7,5375.9,4312.6,-185.1,878.2,1837.8,2177.5,659.4,166.7,True,2
518,16,4,5131.7,5679.4,4678.2,-453.5,547.7,1720.7,2337.8,878.1,0.0,True,4
519,13,1,4406.1,4955.0,4767.8,361.7,548.9,1905.3,2612.6,322.2,125.1,True,1
520,11,2,4449.5,5544.3,4321.1,-128.4,1094.9,2273.0,2672.6,518.8,0.0,True,1
521,14,4,5080.8,5409.5,4037.3,-1043.5,328.7,2029.2,2404.0,711.2,0.0,True,3
522,14,1,3846.3,5003.5,4310.4,464.2,1157.2,1709.2,2256.3,180.4,0.0,True,1
523,14,2,4895.3,5770.6,5508.1,612.8,875.3,2173.9,2591.8,593.4,361.3,True,2
524,12,2,4433.1,5114.1,4158.0,-275.0,681.0,1644.3,2197.0,431.6,0.0,True,2
525,10,4,4298.3,5313.9,4411.9,113.6,1015.6,1754.1,2092.2,726.6,439.6,True,3
526,15,1,4656.8,6085.7,4740.1,83.2,1428.8,2103.7,2395.9,462.2,0.0,True,0
527,15,4,4770.6,5270.9,4242.5,-528.1,500.3,1639.0,2115.0,779.7,95.8,True,4
528,10,1,3640.6,5017.4,3959.8,319.2,1376.8,1932.7,2300.9,181.4,0.0,True,1
529,10,1,4098.6,5343.2,4220.4,121.8,1244.6,2114.7,2444.4,228.8,0.0,True,0
530,13,3,4799.7,5887.3,4364.9,-434.8,1087.6,1921.4,2335.2,827.8,0.0,True,1
531,13,1,4424.2,5416.1,4233.6,-190.6,991.9,1836.8,2135.6,451.1,0.0,True,1
532,12,1,3902.0,5324.1,4177.7,275.8,1422.2,2122.2,2607.4,174.8,0.0,True,0
533,15,2,5346.8,5675.4,4547.2,-799.6,328.7,1924.6,2276.5,565.7,0.0,True,2
534,13,1,4280.7,5596.6,4632.8,352.1,1315.9,1959.9,2376.3,163.2,0.0,True,1
535,12,3,4110.4,5131.1,3959.4,-151.0,1020.8,1743.6,2230.6,465.0,0.0,True,3
536,14,6,5747.9,6036.9,4726.1,-1021.8,288.9,1934.5,2259.3,1217.6,0.0,True,4
537,12,3,5472.5,5439.6,4506.3,-966.2,-32.9,1948.9,2333.6,762.2,0.0,True,3
538,12,1,3871.9,4731.2,3701.3,-170.7,859.2,1623.2,2101.8,487.2,0.0,True,1
539,11,5,4639.5,5338.8,4506.4,-133.1,699.3,1896.8,2391.6,920.5,307.7,True,4
540,14,2,4696.5,5546.4,4672.6,-23.9,849.9,1634.2,2273.0,654.6,0.0,True,2
541,15,3,4991.0,5675.5,4510.7,-480.3,684.5,1888.8,2230.2,612.2,0.0,True,3
542,12,5,5374.9,5835.5,4834.3,-540.7,460.6,1894.4,2474.1,1124.6,0.0,True,4
543,15,4,5085.5,5796.3,5076.6,-8.9,710.8,2016.8,2458.8,832.0,431.1,True,4
544,13,1,4238.7,5358.3,4231.7,-7.1,1119.5,2046.5,2309.9,322.9,0.0,True,1
545,13,1,4617.1,5612.2,4511.7,-105.4,995.1,1809.6,2230.5,386.7,0.0,True,1
546,14,2,4900.3,5389.1,4741.7,-158.6,488.9,1867.9,2466.3,599.9,0.0,True,2
547,16,3,4940.4,5437.3,4362.6,-577.8,496.9,1720.5,2191.3,543.6,0.0,True,3
548,15,3,4986.0,5633.9,4511.6,-474.3,647.9,1634.4,2381.4,633.9,0.0,True,2
549,16,3,4938.6,5666.6,4558.3,-380.3,728.0,1724.4,2112.2,617.7,240.4,True,3
550,11,1,4091.4,5395.5,4132.0,40.6,1304.1,1547.6,2319.2,324.6,0.0,True,0
551,15,3,5022.9,5678.3,4622.5,-400.4,655.4,1687.8,2342.9,656.8,0.0,True,3
552,14,3,5833.1,6010.1,4947.2,-885.9,177.0,2071.8,2457.0,804.9,0.0,True,2
553,16,3,5083.8,5610.2,4720.9,-362.9,526.4,2042.7,2516.7,774.9,0.0,True,3
554,15,0,3770.0,3770.0,4384.2,614.2,0.0,1621.0,2261.4,0.0,0.0,False,0
555,10,1,3792.3,5057.0,4110.4,318.1,1264.7,1943.5,2266.7,216.5,235.0,True,0
556,14,2,4315.1,5136.2,4103.9,-211.2,821.1,1668.0,2279.2,411.9,0.0,True,2
557,11,2,4017.4,5258.6,4395.1,377.7,1241.2,2103.5,2397.9,254.5,0.0,True,1
558,13,4,5492.8,5462.8,4481.3,-1011.5,-30.1,2039.7,2454.7,1110.6,0.0,True,3
559,12,2,4922.3,5567.7,4430.7,-491.6,645.4,1801.3,2395.6,841.2,0.0,True,1
560,14,7,5428.3,5923.3,4620.0,-808.4,495.0,1896.6,2278.4,1077.9,0.0,True,5
561,11,4,4430.9,5457.2,4168.8,-262.2,1026.2,1819.3,2294.0,522.5,0.0,True,3
562,14,2,4030.2,5220.4,4319.0,288.8,1190.2,1769.6,2356.4,172.7,0.0,True,2
563,15,1,4235.7,5662.2,4380.9,145.1,1426.4,1857.6,2273.5,380.5,368.4,True,0
564,15,5,5213.3,6072.6,4405.7,-807.6,859.3,1866.2,2145.2,1038.7,0.0,True,3
565,10,3,4259.6,4850.2,3926.0,-333.6,590.6,2172.2,2574.2,766.1,0.0,True,3
566,10,2,4144.8,5352.0,4050.6,-94.2,1207.1,2175.3,2604.8,502.6,0.0,True,1
567,11,3,4778.0,5490.2,4389.3,-388.7,712.2,1708.3,2189.5,701.8,66.0,True,2
568,10,3,5044.5,5171.3,4199.0,-845.5,126.8,2019.5,2406.0,891.4,0.0,True,3
569,11,2,3489.2,4772.2,3336.9,-152.3,1283.0,1742.1,2109.8,433.1,0.0,True,0
570,10,1,3925.1,5059.7,4049.7,124.6,1134.6,1785.7,2405.5,245.6,0.0,True,0
571,10,3,5366.7,6104.3,4158.1,-1208.6,737.6,2050.4,2523.3,824.9,0.0,True,1
572,16,3,5123.9,5645.4,4346.8,-777.1,521.5,1710.3,2332.7,844.1,0.0,True,3
573,12,1,3786.6,4775.9,3826.6,40.0,989.3,1633.0,2153.7,66.0,0.0,True,1
574,15,1,4742.9,5645.5,4527.0,-215.9,902.6,1972.5,2413.6,251.9,0.0,True,1
575,15,4,5124.2,5185.7,4381.6,-742.6,61.6,1506.6,1910.7,894.0,0.0,True,4
576,14,4,4484.0,5421.9,4139.2,-344.8,938.0,1687.0,2367.6,499.2,0.0,True,4
577,16,1,4573.3,5625.3,4653.0,79.6,1052.0,1981.9,2262.2,435.4,0.0,True,1
578,15,4,5106.7,5319.8,4846.1,-260.6,213.1,1705.5,2188.7,865.8,358.4,True,4
579,13,2,4503.0,5618.6,4380.4,-122.6,1115.6,1903.8,2570.7,516.4,0.0,True,1
580,12,3,4580.3,5355.0,4052.7,-527.6,774.6,1824.9,2340.2,645.4,71.9,True,2
581,15,4,5696.3,5954.9,5005.3,-690.9,258.6,1734.3,1961.2,922.0,309.9,True,2
582,11,2,3551.9,4896.6,3820.7,268.7,1344.6,1808.1,2355.4,423.5,0.0,True,1
583,12,4,5070.1,6185.0,4510.9,-559.2,1114.9,1401.9,2223.6,774.9,0.0,True,2
584,13,4,4932.1,5877.6,4426.6,-505.5,945.4,2004.7,2479.1,754.8,0.0,True,2
585,15,4,5190.4,5559.7,4079.9,-1110.5,369.3,1722.5,2071.6,788.2,0.0,True,3
586,12,1,4244.0,4981.8,4048.6,-195.4,737.8,1772.4,2080.7,391.6,0.0,True,1
587,10,5,5351.9,5650.9,4225.2,-1126.7,299.0,2081.3,2415.7,746.6,0.0,True,4
588,13,3,4494.9,5351.0,4021.4,-473.6,856.0,1677.7,2216.0,593.3,0.0,True,2
589,10,4,4813.1,5470.8,4296.4,-516.8,657.7,1865.0,2548.0,616.0,0.0,True,3
590,11,2,4499.1,5286.5,4345.7,-153.4,787.4,1902.4,2417.2,562.7,0.0,True,2
591,15,5,5394.7,5951.2,4997.4,-397.3,556.5,1550.0,2197.1,1026.5,452.3,True,3
592,16,3,4602.2,6017.6,4835.8,233.7,1415.4,1869.5,2096.8,363.0,237.7,True,1
593,12,2,5059.1,5714.2,4505.3,-553.9,655.1,2079.9,2473.2,340.1,0.0,True,1
594,14,1,4001.5,4575.8,3580.1,-421.4,574.4,1403.7,1906.5,479.8,0.0,True,1
595,10,1,4228.2,4990.8,4164.8,-63.3,762.7,1917.3,2338.2,173.8,0.0,True,1
596,16,4,5122.4,6169.0,4311.3,-811.1,1046.6,1768.3,2302.4,894.7,0.0,True,2
597,13,5,5756.1,6450.1,4740.4,-1015.7,694.0,2105.5,2564.9,1001.9,0.0,True,3
598,14,1,4598.3,5964.8,4653.8,55.5,1366.5,2086.2,2431.4,241.4,0.0,True,0
599,14,2,5167.5,6424.5,4705.6,-461.9,1257.0,1749.2,2381.8,657.9,0.0,True,0
600,11,3,4160.9,5064.3,4307.3,146.4,903.4,2022.6,2605.4,238.0,0.0,True,3
601,13,1,3876.8,5099.2,4167.5,290.7,1222.4,1703.0,2241.9,66.0,0.0,True,1
602,12,3,4844.6,5397.9,4453.3,-391.3,553.3,2168.9,2584.6,589.0,0.0,True,3
603,10,3,5424.5,6004.2,4829.5,-594.9,579.7,2096.2,2537.9,884.8,0.0,True,2
604,12,3,4197.3,5478.2,4298.0,100.7,1280.8,1677.8,2384.3,355.1,0.0,True,1
605,13,4,5171.2,5734.1,4693.4,-477.8,562.9,1620.8,2116.5,975.6,233.6,True,3
606,15,3,4815.1,6133.2,4752.5,-62.6,1318.1,1729.8,2113.6,753.3,394.5,True,0
607,13,3,4683.7,5335.9,4315.0,-368.7,652.2,1544.7,2150.7,681.9,0.0,True,2
608,14,1,4529.9,5687.5,4480.3,-49.6,1157.6,2081.4,2425.0,193.0,0.0,True,1
609,14,3,5036.7,6230.8,5072.0,35.3,1194.1,2036.9,2401.3,657.0,359.5,True,1
610,11,0,3695.5,3695.5,4060.9,365.4,0.0,1735.3,2168.1,0.0,0.0,False,0
611,13,0,3924.7,3924.7,4218.1,293.4,0.0,1869.0,2362.3,0.0,0.0,False,0
612,13,2,4549.6,5888.5,4065.0,-484.6,1338.9,1779.0,2313.8,645.9,0.0,True,0
613,16,1,4474.6,5418.5,4478.4,3.8,943.9,1471.3,1920.0,250.6,0.0,True,1
614,14,6,4955.3,6188.1,4534.9,-420.4,1232.8,1755.7,2382.0,1045.0,0.0,True,3
615,13,1,4224.8,5714.1,4437.1,212.4,1489.4,2013.6,2472.0,213.1,0.0,True,1
616,14,3,4807.2,5481.4,3992.5,-814.6,674.3,1429.3,1990.8,537.0,0.0,True,2
617,12,1,3484.0,4580.7,3785.3,301.3,1096.7,2067.0,2391.2,156.2,69.1,True,1
618,10,2,4492.2,5483.8,4295.6,-196.6,991.5,2019.8,2137.3,548.1,0.0,True,1
619,12,0,3553.6,3553.6,4040.0,486.4,0.0,1598.9,2091.5,0.0,0.0,False,0
620,13,1,4406.9,5463.2,4512.0,105.1,1056.3,1893.0,2401.6,326.7,0.0,True,1
621,15,3,4463.9,5556.3,4265.8,-198.1,1092.4,1604.9,2205.5,572.1,0.0,True,2
622,12,3,4703.8,5192.0,4214.7,-489.0,488.2,2023.6,2480.6,843.8,0.0,True,3
623,13,2,4831.3,5627.2,4642.4,-188.9,795.9,1494.6,2412.8,262.4,0.0,True,1
624,12,0,4094.6,4094.6,4267.3,172.7,0.0,2132.0,2529.8,0.0,0.0,False,0
625,12,1,4258.3,5093.2,4219.3,-39.0,834.9,1652.7,2213.0,238.5,0.0,True,1
626,11,2,4339.2,5244.0,3837.4,-501.8,904.8,1884.2,2387.8,515.1,0.0,True,2
627,13,2,4113.2,5447.9,4212.1,98.8,1334.6,1877.8,2464.0,476.0,0.0,True,1
628,12,2,3909.0,4964.7,4227.9,318.9,1055.7,1795.6,2350.2,125.6,0.0,True,2
629,15,3,5065.7,5610.0,4573.1,-492.6,544.3,1888.3,2148.6,615.6,0.0,True,3
630,10,0,3479.8,3479.8,3625.7,145.9,0.0,1914.7,2355.4,0.0,0.0,False,0
631,11,3,4851.4,5728.1,4256.0,-595.3,876.7,1884.0,2324.2,933.5,0.0,True,2
632,15,1,4789.6,6103.0,4995.7,206.2,1313.4,2015.2,2337.4,340.5,124.4,True,0
633,11,3,4267.4,5088.8,4129.2,-138.2,821.5,1777.1,2508.9,454.9,0.0,True,3
634,12,1,4069.3,5225.3,4166.3,97.0,1156.0,2036.4,2354.8,360.2,0.0,True,1
635,15,2,5077.8,6318.4,4728.2,-349.5,1240.6,1492.9,2265.3,695.1,0.0,True,0
636,12,0,4094.8,4094.8,4476.1,381.3,0.0,1828.1,2427.1,0.0,0.0,False,0
637,11,1,3574.3,4732.0,3486.9,-87.4,1157.7,1957.4,2239.1,146.1,0.0,True,1
638,13,3,5018.1,6180.8,4649.8,-368.4,1162.6,2273.0,2678.6,670.4,0.0,True,2
639,15,4,5631.0,5509.1,4634.2,-996.8,-121.9,1839.8,2409.2,877.0,219.7,True,4
640,16,4,5614.9,5851.0,4613.4,-1001.5,236.1,2024.0,2282.3,1075.9,0.0,True,3
641,11,4,5468.8,5890.1,4833.0,-635.9,421.3,2180.1,2521.1,852.0,163.7,True,3
642,11,2,4543.7,5406.2,4291.5,-252.2,862.6,1768.8,2339.0,819.8,169.3,True,1
643,12,2,5048.4,5751.0,4791.2,-257.2,702.6,2048.4,2508.0,678.2,0.0,True,2
644,11,2,4194.8,5510.9,4024.6,-170.2,1316.1,1850.3,2400.6,475.4,0.0,True,1
645,16,4,5376.1,6118.1,4590.8,-785.3,742.0,1439.6,2096.9,828.9,0.0,True,2
646,10,0,3308.9,3308.9,3753.4,444.5,0.0,1973.4,2418.8,0.0,0.0,False,0
647,16,4,5532.9,5762.5,4608.9,-924.1,229.6,1466.5,2192.4,819.1,0.0,True,4
648,13,2,4382.1,5502.8,4080.9,-301.2,1120.7,1963.2,2511.8,457.4,0.0,True,2
649,12,4,4467.1,5641.1,4234.0,-233.1,1174.0,1881.0,2470.2,594.0,187.3,True,1
650,13,4,4900.3,5834.5,4604.2,-296.1,934.2,1752.5,2336.1,953.4,0.0,True,2
651,15,5,5900.5,6155.7,4822.9,-1077.6,255.3,1821.6,2310.6,689.6,0.0,True,4
652,13,3,4731.0,6040.5,4208.2,-522.8,1309.5,1976.0,2428.9,520.1,0.0,True,2
653,12,2,4630.5,5447.3,4553.1,-77.4,816.9,1999.3,2467.9,516.7,0.0,True,2
654,15,3,4872.6,5633.7,4537.0,-335.6,761.1,1740.4,2290.3,590.8,0.0,True,2
655,13,3,5060.6,6281.3,4730.4,-330.2,1220.7,2149.9,2535.4,638.1,0.0,True,1
656,14,1,4754.1,6131.0,5237.0,482.8,1376.9,1826.6,2429.7,465.0,425.7,True,0
657,13,3,5105.8,5555.8,4541.9,-564.0,450.0,1809.8,2393.5,710.9,0.0,True,3
658,10,1,3814.3,5108.6,4244.7,430.4,1294.3,2153.5,2678.6,206.4,0.0,True,1
659,11,2,3683.6,4692.5,4035.4,351.8,1008.9,1868.2,2275.5,519.1,143.5,True,1
660,11,2,4585.6,5301.0,4062.6,-522.9,715.5,2046.7,2367.5,259.4,0.0,True,2
661,15,1,4692.0,6063.3,4671.5,-20.4,1371.3,1707.3,2304.0,408.4,0.0,True,0
662,16,3,5025.6,5889.9,4444.9,-580.7,864.4,1815.7,2185.6,846.0,0.0,True,2
663,13,2,4784.8,5795.4,4716.8,-68.0,1010.5,1836.7,2226.7,661.7,359.0,True,1
664,15,2,5094.1,5475.3,4602.5,-491.5,381.2,1810.3,2235.4,597.8,0.0,True,2
665,16,3,6014.8,5806.1,4738.5,-1276.3,-208.6,1981.4,2341.3,882.2,0.0,True,3
666,11,0,4292.4,4292.4,4604.9,312.5,0.0,1851.1,2389.3,0.0,0.0,False,0
667,13,1,4240.0,5618.2,4466.6,226.6,1378.2,2136.3,2487.5,395.2,359.8,True,0
668,12,3,4365.7,5138.3,4287.3,-78.5,772.5,2083.4,2613.6,683.2,0.0,True,2
669,10,1,3451.5,4268.1,3347.2,-104.4,816.6,1574.5,1769.7,403.9,0.0,True,1
670,13,3,4856.2,6015.6,4438.7,-417.5,1159.4,1893.8,2443.3,657.3,0.0,True,2
671,11,3,5555.3,6094.6,4510.2,-1045.1,539.3,1884.1,2409.1,949.0,0.0,True,1
672,13,2,5357.7,5435.3,4656.8,-700.9,77.6,1790.2,2402.8,547.0,0.0,True,2
673,12,3,4544.0,5859.6,3896.1,-647.8,1315.7,1574.4,2332.9,480.9,0.0,True,2
674,16,4,5970.5,5739.8,4692.0,-1278.5,-230.7,1769.6,2457.5,1143.7,0.0,True,4
675,11,2,4442.9,5101.2,4440.1,-2.8,658.2,1957.9,2471.6,480.6,0.0,True,2
676,15,2,5475.3,5698.1,4903.0,-572.2,222.8,1639.3,2096.6,759.2,0.0,True,2
677,10,3,4222.4,5389.3,4225.7,3.3,1166.9,2051.1,2472.2,519.6,0.0,True,2
678,11,2,4799.0,5706.5,4571.6,-227.4,907.5,1941.2,2411.8,383.8,0.0,True,1
679,10,2,4183.1,4955.9,4003.8,-179.3,772.8,1671.8,2291.4,600.3,0.0,True,1
680,15,7,6074.4,5788.5,4676.3,-1398.1,-285.9,1798.8,2069.0,1354.6,452.4,True,6
681,10,0,3497.1,3497.1,3673.2,176.1,0.0,1674.4,2155.2,0.0,0.0,False,0
682,13,1,4113.2,4909.4,4147.8,34.6,796.2,1528.4,2029.7,441.2,0.0,True,1
683,12,5,5004.2,5805.6,4607.4,-396.8,801.4,2284.1,2506.4,938.2,430.4,True,2
684,13,4,5606.0,5629.7,4505.8,-1100.2,23.8,2070.3,2500.4,1036.6,84.5,True,4
685,12,1,4343.9,5241.1,4492.3,148.3,897.1,1732.5,2295.7,419.5,0.0,True,1
686,12,3,5705.4,6027.1,4367.0,-1338.4,321.7,2054.2,2253.2,1015.5,0.0,True,2
687,13,2,4243.9,5483.0,4601.8,357.8,1239.0,1986.0,2279.5,308.6,136.1,True,1
688,10,3,4550.2,5352.6,4219.6,-330.6,802.4,2054.7,2483.8,798.7,0.0,True,2
689,14,3,4129.3,5262.7,4133.7,4.4,1133.5,1719.3,2214.7,646.6,0.0,True,2
690,11,1,4129.7,5126.1,4656.2,526.5,996.5,1957.0,2353.3,392.6,449.6,True,1
691,15,2,4784.8,5501.0,4471.3,-313.6,716.1,1677.0,2426.4,611.3,0.0,True,2
692,10,0,3634.0,3634.0,4295.0,661.1,0.0,2192.6,2530.0,0.0,0.0,False,0
693,11,2,4746.5,5211.1,4498.7,-247.8,464.6,1932.8,2213.3,732.2,0.0,True,2
694,16,2,4804.3,5629.8,4894.9,90.7,825.5,1718.1,2182.7,479.6,0.0,True,2
695,12,4,4231.8,5074.2,4150.4,-81.4,842.4,1830.7,2255.1,459.7,0.0,True,4
696,10,1,3895.2,5246.7,4279.0,383.9,1351.5,1879.7,2345.9,66.0,66.0,True,0
697,14,5,5268.7,6049.1,4920.0,-348.7,780.3,1818.1,2353.1,827.4,444.7,True,2
698,16,1,4258.5,5258.7,4380.7,122.2,1000.1,1853.2,2310.5,178.0,0.0,True,1
699,11,2,4211.2,5349.6,4503.0,291.9,1138.5,2042.8,2526.0,258.1,0.0,True,2
700,15,1,4450.6,5831.3,4067.9,-382.7,1380.7,1577.5,2099.2,421.9,0.0,True,0
701,11,4,5115.9,5361.5,4312.4,-803.5,245.7,2204.1,2435.0,1016.5,0.0,True,4
702,11,2,3984.6,5081.2,3967.6,-17.0,1096.6,1934.2,2466.8,359.0,0.0,True,2
703,10,1,3875.0,5189.1,4233.8,358.8,1314.1,1974.3,2447.7,66.0,103.8,True,1
704,11,2,4856.7,5031.6,4345.6,-511.1,174.9,2120.7,2511.6,742.9,0.0,True,2
705,15,1,4561.3,5845.8,4716.5,155.2,1284.5,1817.1,2140.0,328.1,0.0,True,0
706,16,5,5599.8,6064.7,4915.8,-683.9,464.9,2037.7,2433.4,885.0,0.0,True,4
707,12,2,4612.0,5846.3,3947.4,-664.5,1234.3,2029.3,2578.8,533.8,0.0,True,1
708,16,0,3917.8,3917.8,4030.5,112.8,0.0,1958.0,2377.0,0.0,0.0,False,0
709,16,4,5010.5,5977.2,4681.2,-329.3,966.7,1993.5,2506.6,799.9,0.0,True,2
710,11,0,2858.9,2858.9,3696.4,837.4,0.0,1403.3,2230.9,0.0,0.0,False,0
711,11,1,4068.7,5281.9,4343.6,274.9,1213.2,1610.6,2395.6,160.3,0.0,True,1
712,10,3,4483.0,5346.5,4212.8,-270.2,863.4,1843.9,2398.2,647.0,0.0,True,2
713,12,0,4183.2,4183.2,4602.2,419.0,0.0,1939.6,2456.0,0.0,0.0,False,0
714,11,1,3942.8,5113.4,4114.1,171.3,1170.6,1739.3,2147.9,244.9,0.0,True,0
715,14,3,4318.8,5296.8,4689.3,370.6,978.0,2100.0,2512.8,373.9,165.2,True,3
716,13,3,5218.3,5213.9,4420.3,-798.0,-4.4,1981.6,2261.9,899.3,0.0,True,3
717,16,2,4322.9,5773.5,4428.6,105.8,1450.7,1740.0,2266.8,183.3,139.2,True,0
718,11,2,4128.8,4962.0,3856.9,-271.9,833.2,1863.7,2164.7,452.5,0.0,True,2
719,10,1,3623.3,4932.0,3489.7,-133.6,1308.7,1921.7,2195.7,420.4,0.0,True,0
720,15,5,5269.8,5989.0,4460.4,-809.5,719.2,1715.0,2230.6,1079.9,74.6,True,4
721,13,4,4724.7,5321.0,4623.5,-101.2,596.3,1898.0,2226.7,875.8,375.8,True,3
722,15,1,4373.4,5345.8,4211.7,-161.7,972.4,1851.4,2344.5,351.1,0.0,True,1
723,16,4,5255.9,6340.8,4874.1,-381.8,1084.9,1919.7,2530.8,782.1,0.0,True,3
724,14,3,4791.0,5867.8,4985.2,194.3,1076.8,1994.1,2396.9,535.7,363.5,True,2
725,11,6,5955.1,6009.4,4412.6,-1542.5,54.3,2187.9,2524.0,1153.0,0.0,True,4
726,11,0,3286.4,3286.4,3914.4,628.0,0.0,1793.7,2166.6,0.0,231.0,False,0
727,11,3,4051.0,5255.7,4089.6,38.5,1204.7,1948.6,2406.9,441.2,0.0,True,1
728,13,2,4236.2,5100.6,4603.4,367.2,864.4,1613.8,2154.7,612.4,462.0,True,2
729,11,2,4376.6,5281.8,4444.5,67.9,905.2,1708.0,2345.3,717.8,387.5,True,1
730,15,2,4619.1,5475.2,4531.2,-87.9,856.1,1681.4,1998.0,493.0,219.1,True,2
731,11,1,3592.6,4958.2,3541.5,-51.1,1365.6,1462.9,2116.1,66.0,0.0,True,0
732,16,4,5143.5,6557.6,4704.0,-439.5,1414.0,2030.5,2394.0,691.8,0.0,True,1
733,11,3,4542.4,5256.0,4427.3,-115.1,713.7,1992.8,2485.1,498.6,170.1,True,3
734,13,5,5138.8,5463.5,4665.9,-472.9,324.7,2051.5,2490.2,811.4,0.0,True,5
735,13,2,5063.1,5433.5,4400.0,-663.1,370.4,1675.8,2393.4,584.3,0.0,True,1
736,14,1,4435.3,5718.9,4254.1,-181.2,1283.6,2086.1,2494.4,248.2,0.0,True,0
737,16,4,5527.9,6512.8,4776.1,-751.9,984.9,1784.1,2371.7,802.2,0.0,True,2
738,15,4,5228.9,6369.2,4712.8,-516.0,1140.3,1918.8,2421.8,752.3,244.3,True,3
739,15,6,4756.8,5789.5,4180.5,-576.3,1032.7,1677.7,2256.5,1012.1,0.0,True,3
740,12,3,4535.1,5198.9,4206.2,-328.8,663.8,1905.5,2538.3,318.2,0.0,True,3
741,11,2,4094.9,5112.8,3900.1,-194.8,1017.9,2119.8,2410.2,298.4,0.0,True,1
742,16,3,4770.3,6024.0,4429.6,-340.6,1253.7,1806.1,1998.8,569.2,0.0,True,1
743,11,2,4779.6,5158.2,4163.0,-616.6,378.6,2055.0,2257.4,792.2,0.0,True,2
744,11,3,5395.8,5567.2,4963.7,-432.1,171.3,2112.5,2587.1,712.7,163.5,True,3
745,13,3,5380.7,6281.3,4219.7,-1161.0,900.6,2045.4,2411.1,560.1,0.0,True,2
746,13,2,4517.2,4887.5,4276.8,-240.4,370.3,1337.5,2068.8,649.7,0.0,True,2
747,14,3,5077.1,6286.2,4954.6,-122.5,1209.1,1783.1,2344.8,757.1,167.9,True,1
748,15,1,4409.7,5779.5,4429.4,19.7,1369.8,1570.4,2183.7,408.5,0.0,True,0
749,15,2,4771.4,5907.8,4626.3,-145.1,1136.5,1671.2,2256.1,238.0,0.0,True,1
750,11,1,4098.5,5396.2,4341.0,242.5,1297.7,1718.7,2160.8,410.1,0.0,True,0
751,14,1,3846.4,5014.4,4119.0,272.6,1167.9,1684.7,2051.8,151.3,0.0,True,1
752,10,3,4596.8,5407.9,4545.6,-51.2,811.1,2273.0,2602.9,544.2,0.0,True,3
753,11,4,4677.0,5696.9,4438.2,-238.7,1020.0,2189.2,2559.5,839.9,0.0,True,2
754,11,1,3740.4,5002.8,4064.9,324.5,1262.4,1666.1,2106.5,159.6,0.0,True,1
755,13,1,4654.5,5881.4,4507.3,-147.2,1226.9,1707.6,2450.2,333.3,0.0,True,0
756,14,2,4430.6,5040.6,4490.9,60.3,610.0,1894.0,2350.2,614.2,381.1,True,2
757,14,3,4600.0,5645.3,4323.7,-276.4,1045.3,1890.5,2251.2,671.4,0.0,True,2
758,14,2,4204.4,5566.0,4182.0,-22.4,1361.6,1745.8,2413.3,234.6,0.0,True,1
759,11,2,4328.0,5405.2,4499.9,171.9,1077.2,1849.0,2443.6,446.5,66.0,True,2
760,13,0,3985.4,3985.4,4424.3,438.9,0.0,2061.7,2369.9,0.0,0.0,False,0
761,13,4,4578.4,5773.5,4644.6,66.3,1195.2,1753.7,2375.8,324.1,170.8,True,3
762,13,3,4552.5,5397.4,4266.0,-286.5,844.9,1676.9,2161.8,555.2,0.0,True,3
763,13,2,4982.4,5230.7,4450.4,-532.1,248.3,1833.3,2291.7,792.6,0.0,True,2
764,10,3,3451.1,4562.9,3876.6,425.5,1111.8,1817.9,2433.4,185.5,0.0,True,3
765,16,4,5039.0,5778.7,5119.5,80.5,739.7,1703.1,2138.1,923.0,376.5,True,3
766,10,3,4618.2,4969.9,3691.0,-927.2,351.8,1673.8,2150.7,595.4,66.0,True,2
767,13,2,4448.1,5786.4,4276.9,-171.3,1338.3,1914.0,2173.6,264.4,0.0,True,1
768,13,2,4833.2,5229.4,4490.2,-342.9,396.2,1662.6,2301.8,296.2,0.0,True,2
769,10,4,4655.1,5178.4,4245.2,-410.0,523.3,1925.2,2208.9,913.1,0.0,True,4
770,11,3,5334.4,5357.3,4640.4,-694.0,22.9,2116.2,2425.7,687.8,0.0,True,3
771,13,2,4156.6,5570.6,4513.0,356.4,1414.0,1938.4,2310.1,300.0,0.0,True,0
772,11,1,4709.8,6089.6,4547.1,-162.7,1379.8,2088.9,2413.6,418.7,0.0,True,0
773,11,0,3990.3,3990.3,4025.6,35.3,0.0,1693.5,2197.7,0.0,0.0,False,0
774,12,2,4159.5,5345.9,4194.7,35.3,1186.5,1928.6,2286.1,189.2,0.0,True,2
775,13,3,5307.5,5679.1,4127.6,-1180.0,371.6,1682.4,2175.1,635.3,169.8,True,2
776,12,3,4250.2,5485.2,4335.0,84.8,1235.0,1752.2,2266.3,437.7,0.0,True,2
777,10,3,4693.8,5177.4,4117.5,-576.3,483.6,2027.7,2332.0,969.7,0.0,True,3
778,12,4,4490.8,5577.7,4325.0,-165.7,1086.9,1633.0,2207.1,807.3,235.6,True,2
779,15,3,4870.4,5904.2,4580.6,-289.8,1033.9,2012.0,2474.0,624.4,0.0,True,2
780,14,4,4693.4,5718.4,4648.5,-44.9,1025.1,1493.6,2206.5,758.3,0.0,True,2
781,12,1,4354.0,5664.9,4788.5,434.5,1310.9,1933.1,2344.9,165.9,186.7,True,0
782,16,4,5088.3,6266.1,4727.3,-361.0,1177.8,1836.0,2268.2,543.4,0.0,True,3
783,13,6,4684.6,5690.7,4344.1,-340.4,1006.1,1937.4,2306.9,920.0,165.3,True,3
784,11,3,4750.1,5311.7,4370.2,-380.0,561.6,2114.8,2362.6,722.6,0.0,True,3
785,12,1,4229.9,4972.0,4311.3,81.4,742.1,1612.0,2152.9,429.3,0.0,True,1
786,14,5,6302.0,6848.1,4780.3,-1521.7,546.1,2036.6,2468.4,1167.2,66.0,True,3
787,15,1,4318.9,5126.0,4126.8,-192.1,807.1,1787.7,2275.3,447.8,0.0,True,1
788,12,2,4653.5,5749.7,4320.4,-333.1,1096.2,2005.5,2328.8,673.0,0.0,True,1
789,14,3,4905.2,5228.2,4960.6,55.3,323.0,1554.1,2087.5,710.7,625.8,True,3
790,12,3,4448.2,5776.7,4392.8,-55.4,1328.5,1920.6,2304.4,526.2,0.0,True,1
791,12,3,4963.3,5900.5,4482.0,-481.3,937.2,2044.0,2400.2,833.3,0.0,True,2
792,12,2,4996.3,5854.5,4627.5,-368.8,858.1,2052.0,2542.3,587.7,0.0,True,2
793,12,0,3980.1,3980.1,4380.8,400.7,0.0,1895.6,2582.2,0.0,0.0,False,0
794,15,3,5417.7,6249.7,4563.2,-854.5,832.1,1992.9,2517.8,998.4,0.0,True,2
795,10,1,4078.0,5227.0,4023.6,-54.4,1149.1,1892.9,2450.2,390.4,0.0,True,1
796,12,1,3865.2,4933.0,3940.3,75.1,1067.8,1610.0,2128.5,188.4,0.0,True,1
797,10,2,4383.1,5559.6,3812.9,-570.2,1176.5,1888.6,2246.0,492.2,0.0,True,0
798,13,4,4713.5,5390.8,4203.6,-509.8,677.3,1826.6,2318.4,733.1,0.0,True,3
799,16,1,4538.3,5580.0,4494.7,-43.6,1041.7,1794.5,2380.8,429.7,0.0,True,1
800,16,3,4906.7,5498.3,4446.8,-459.8,591.6,1558.9,2263.1,912.4,0.0,True,3
801,15,3,4747.9,5592.1,4332.5,-415.5,844.2,1401.0,1968.7,580.0,0.0,True,2
802,10,1,4350.5,5496.3,4600.7,250.2,1145.8,1976.7,2478.7,233.4,0.0,True,1
803,16,1,4656.0,5432.4,4981.2,325.2,776.3,1447.9,2434.3,167.8,0.0,True,1
804,15,1,3943.2,5370.9,4163.1,219.9,1427.7,1469.5,2050.0,148.9,0.0,True,0
805,11,1,4212.5,5370.3,4418.5,206.0,1157.9,1897.5,2368.3,190.6,0.0,True,1
806,10,3,4387.4,4547.7,3727.5,-659.9,160.3,1710.5,2204.1,364.5,0.0,True,3
807,10,3,4390.8,5336.2,3788.4,-602.4,945.5,1835.3,2179.1,772.5,0.0,True,2
808,14,3,4525.3,5762.4,4298.4,-227.0,1237.1,1779.5,2189.7,582.9,0.0,True,1
809,16,2,4325.4,5386.1,4260.6,-64.9,1060.7,1487.8,2246.6,752.3,0.0,True,1
810,12,1,4359.8,5566.4,4491.8,131.9,1206.6,1998.0,2468.0,242.8,0.0,True,0
811,12,2,4544.2,5649.2,4628.5,84.3,1105.0,2049.3,2469.8,397.4,136.0,True,1
812,16,2,4539.3,5744.6,4395.2,-144.1,1205.2,1653.4,2221.4,349.4,0.0,True,1
813,11,5,4778.9,5853.0,4502.1,-276.8,1074.1,2076.1,2517.1,727.8,0.0,True,4
814,10,0,3630.8,3630.8,3900.3,269.5,0.0,1664.4,2364.1,0.0,0.0,False,0
815,11,2,4470.0,5256.5,4331.6,-138.4,786.5,1914.6,2418.3,643.3,0.0,True,2
816,12,3,4385.1,5257.6,4122.6,-262.4,872.5,1438.4,2312.0,607.1,0.0,True,2
817,12,3,4070.2,4896.6,3660.2,-410.0,826.3,1754.4,2236.8,634.9,0.0,True,3
818,15,5,5438.1,6522.2,4564.7,-873.4,1084.2,2273.0,2525.0,757.5,0.0,True,4
819,12,3,4470.1,5615.3,4630.5,160.4,1145.2,1888.4,2245.5,565.5,359.1,True,2
820,13,1,4246.7,5504.9,4348.8,102.1,1258.2,1958.7,2442.2,331.1,0.0,True,0
821,16,5,5086.6,6094.6,4564.3,-522.3,1008.0,1868.5,2382.1,986.0,0.0,True,3
822,11,1,4056.6,5227.2,4159.3,102.7,1170.6,2157.3,2378.2,321.8,0.0,True,1
823,13,1,4356.7,5404.9,4356.2,-0.5,1048.2,2046.9,2337.4,352.9,0.0,True,1
824,14,3,4902.0,6184.4,4532.4,-369.5,1282.4,2102.4,2541.4,695.2,0.0,True,0
825,12,1,3994.9,5393.6,4267.5,272.6,1398.7,1822.1,2441.4,153.6,0.0,True,0
826,13,3,5290.0,6374.5,4750.9,-539.1,1084.4,2026.7,2375.8,749.5,84.9,True,1
827,16,1,3936.7,5201.1,4230.4,293.7,1264.4,1778.6,2273.3,229.8,0.0,True,0
828,15,1,4559.7,5516.1,4552.7,-7.0,956.4,1701.4,2516.5,234.1,0.0,True,1
829,11,1,4120.9,5309.5,4376.8,255.9,1188.6,1840.8,2336.6,234.1,0.0,True,0
830,16,2,4635.7,5927.4,4665.1,29.5,1291.7,1806.1,2353.8,619.2,0.0,True,0
831,15,3,4883.1,6058.6,4890.0,6.9,1175.5,1686.4,2322.8,812.2,226.1,True,1
832,12,2,4768.3,5303.1,4579.2,-189.2,534.8,2056.3,2502.3,424.8,165.0,True,2
833,11,0,4177.1,4177.1,4375.3,198.1,0.0,1851.4,2346.3,0.0,0.0,False,0
834,16,4,5436.1,6114.8,4917.9,-518.2,678.7,1889.6,2280.4,1021.2,0.0,True,3
835,13,4,5111.1,5668.2,4747.1,-364.1,557.0,2124.2,2563.6,939.2,0.0,True,3
836,12,0,3920.3,3920.3,4125.8,205.5,0.0,1900.7,2415.1,0.0,0.0,False,0
837,15,3,5697.6,6570.8,4683.9,-1013.7,873.2,1806.7,2195.8,727.5,0.0,True,1
838,14,3,4901.1,5574.6,5026.7,125.6,673.6,1810.2,2248.3,741.7,0.0,True,3
839,16,5,5149.0,5692.3,4410.3,-738.7,543.4,1598.8,2105.8,909.6,0.0,True,4
840,12,1,4097.2,5178.9,4327.7,230.6,1081.7,1585.7,2152.0,227.0,0.0,True,1
841,15,2,4371.0,5402.5,4277.1,-93.9,1031.6,1910.0,2212.3,492.1,0.0,True,1
842,14,4,5158.5,5569.7,4891.8,-266.7,411.2,1480.2,2290.4,702.8,471.6,True,3
843,14,5,4897.7,5252.0,4190.7,-707.1,354.2,1912.8,2415.6,819.4,0.0,True,4
844,15,4,4772.7,5902.1,4738.5,-34.1,1129.5,1752.0,2465.8,675.2,0.0,True,3
845,15,4,4886.9,5866.7,4535.8,-351.1,979.8,1939.3,2436.3,940.3,0.0,True,3
846,10,3,4338.3,5743.2,4915.9,577.6,1404.9,2175.5,2573.7,449.1,219.3,True,1
847,10,1,4007.5,5357.1,4047.8,40.3,1349.6,1715.8,1990.4,176.2,0.0,True,0
848,12,1,4113.4,5182.2,4218.2,104.8,1068.8,1686.2,2385.4,398.0,0.0,True,1
849,16,2,4428.9,5803.3,4506.6,77.7,1374.4,1808.4,2144.4,479.2,126.7,True,1
850,14,1,4433.7,5230.7,4388.3,-45.4,797.1,1362.8,1834.9,404.1,0.0,True,1
851,11,1,4037.4,5386.3,4423.8,386.4,1348.9,1997.7,2526.1,66.0,0.0,True,1
852,12,2,3992.8,4789.0,3858.8,-134.0,796.2,1926.5,2460.4,269.8,0.0,True,2
853,14,2,4760.1,5696.0,4323.3,-436.8,935.9,1525.6,2063.7,376.0,0.0,True,1
854,14,1,4204.7,5630.2,4557.6,352.9,1425.6,1949.1,2274.5,167.5,128.6,True,0
855,14,1,3916.4,5280.6,3690.2,-226.2,1364.2,1712.3,2102.0,459.4,0.0,True,0
856,15,5,5603.3,5752.3,6008.0,404.7,149.1,2137.4,2589.2,1023.2,948.8,True,5
857,14,2,4497.7,5444.4,4172.5,-325.2,946.6,1595.4,1987.3,442.7,0.0,True,2
858,15,1,4005.0,5259.5,4194.8,189.9,1254.5,2058.4,2475.3,164.4,0.0,True,1
859,14,4,5074.2,5660.8,4745.7,-328.6,586.5,1778.0,2239.7,672.5,126.9,True,3
860,16,2,4839.2,6120.6,4619.5,-219.7,1281.4,1602.1,2181.3,538.8,0.0,True,1
861,10,2,4088.5,4920.8,3949.8,-138.7,832.3,1848.6,2301.1,477.7,0.0,True,2
862,14,2,3722.2,4920.3,4448.7,726.5,1198.1,1827.4,2389.2,193.7,125.6,True,2
863,10,3,4354.5,5219.3,4012.2,-342.3,864.9,1623.1,2389.7,655.3,0.0,True,2
864,13,0,3926.3,3926.3,4384.7,458.4,0.0,1993.4,2376.8,0.0,0.0,False,0
865,14,4,5337.6,5216.4,4497.2,-840.4,-121.1,1562.6,2279.2,1119.2,0.0,True,4
866,11,2,3929.5,4875.9,3452.3,-477.2,946.4,1856.0,2323.6,466.8,0.0,True,1
867,12,3,4787.2,6089.9,4615.7,-171.5,1302.7,1907.6,2372.3,472.9,0.0,True,2
868,10,2,4520.4,5018.3,4179.0,-341.4,497.9,1728.3,2331.5,585.1,0.0,True,2
869,13,0,3958.5,3958.5,4533.0,574.6,0.0,2133.5,2560.9,0.0,0.0,False,0
870,12,5,5617.3,5737.7,4943.0,-674.3,120.4,2042.1,2541.0,940.4,367.7,True,4
871,16,2,4694.9,5880.3,4867.1,172.3,1185.4,2273.0,2678.6,234.3,0.0,True,2
872,10,2,4378.8,5642.8,4445.0,66.3,1264.0,1911.8,2480.6,464.4,0.0,True,1
873,15,2,4621.5,5318.6,4529.7,-91.9,697.0,1632.3,2139.2,508.0,0.0,True,2
874,13,2,4530.6,5062.9,4316.2,-214.4,532.3,1659.9,2107.2,724.4,0.0,True,2
875,16,4,5135.2,6114.1,4364.8,-770.4,978.9,1636.7,2043.3,412.6,0.0,True,1
876,11,2,4412.4,5507.8,4590.8,178.3,1095.3,1696.7,2237.2,428.9,214.3,True,1
877,10,1,4135.7,5138.5,4386.6,250.9,1002.8,1882.1,2390.4,396.2,0.0,True,1
878,13,6,5593.3,5830.0,5176.3,-417.0,236.7,2235.8,2254.3,852.3,452.5,True,6
879,10,0,3951.5,3951.5,4103.9,152.4,0.0,1935.6,2376.3,0.0,0.0,False,0
880,14,4,4946.4,5903.9,4772.4,-174.0,957.6,1958.3,2320.0,547.9,0.0,True,4
881,15,1,4527.6,5374.5,4493.1,-34.5,846.9,1455.7,2080.6,66.0,0.0,True,1
882,15,3,4469.0,5043.0,4152.9,-316.1,574.1,1818.3,2220.5,800.8,0.0,True,3
883,11,1,3794.4,4705.3,3917.1,122.7,910.8,2072.9,2274.4,420.7,367.3,True,1
884,16,4,5681.5,6251.6,4725.1,-956.4,570.1,1690.3,2069.2,933.6,0.0,True,2
885,10,3,4752.9,5799.2,4180.6,-572.4,1046.3,2066.9,2430.4,672.5,0.0,True,2
886,15,1,3642.3,5010.0,3975.4,333.1,1367.7,1649.2,2060.7,66.0,0.0,True,1
887,12,3,5267.6,5532.6,4391.6,-876.0,265.0,1930.7,2219.9,797.8,74.8,True,2
888,14,2,4377.1,5600.5,4495.8,118.7,1223.4,1877.9,2378.8,222.0,0.0,True,0
889,11,1,4351.3,5144.1,4230.5,-120.9,792.8,1757.6,2203.3,330.8,0.0,True,1
890,11,3,4644.4,5111.9,4061.7,-582.6,467.5,2202.4,2523.0,998.8,0.0,True,3
891,14,2,4238.1,5108.7,4234.6,-3.5,870.6,1871.3,2364.8,462.7,0.0,True,2
892,16,2,5082.4,5723.4,5068.6,-13.9,641.0,2158.9,2672.6,552.4,110.1,True,2
893,12,2,4431.1,5575.9,4110.5,-320.7,1144.7,1725.3,2234.8,448.4,0.0,True,1
894,15,3,4891.4,5411.0,4418.9,-472.5,519.6,1648.2,2145.4,789.5,0.0,True,3
895,15,5,6603.9,5946.7,4806.8,-1797.1,-657.2,1687.0,2401.5,1030.2,76.2,True,5
896,14,3,5189.5,6360.1,4885.8,-303.8,1170.5,1779.6,2236.5,539.1,0.0,True,1
897,15,2,4853.0,5475.5,5048.0,195.0,622.5,1637.0,2201.2,707.5,360.5,True,1
898,16,4,5419.8,5796.5,4322.7,-1097.1,376.7,1781.2,2258.0,886.2,0.0,True,3
899,13,2,5196.7,5513.5,4676.4,-520.2,316.8,1840.3,2206.8,612.4,0.0,True,2
900,13,2,4727.7,5730.4,4408.3,-319.3,1002.7,1849.9,2420.8,686.8,0.0,True,0
901,11,2,4740.0,5131.7,4218.7,-521.3,391.7,1722.8,2156.5,951.5,0.0,True,2
902,10,2,4208.4,5234.6,3841.0,-367.4,1026.2,1797.1,2198.9,645.8,0.0,True,1
903,10,2,4277.9,5139.1,4128.1,-149.7,861.2,2064.5,2574.7,508.6,0.0,True,2
904,13,4,4884.2,6188.9,4233.7,-650.5,1304.7,1740.5,2134.7,661.9,0.0,True,2
905,12,2,4057.5,5076.7,4027.9,-29.6,1019.2,1796.0,2378.3,386.1,0.0,True,2
906,11,4,4684.2,5042.5,4295.4,-388.7,358.3,1677.0,2291.7,907.9,220.1,True,4
907,10,2,3877.3,4614.0,3821.7,-55.6,736.8,1969.8,2426.8,516.5,0.0,True,2
908,14,4,4943.0,5565.9,4703.0,-240.0,623.0,1992.9,2385.3,428.0,168.9,True,4
909,15,3,4735.1,5416.1,4446.9,-288.2,681.0,1693.3,2297.1,661.5,0.0,True,3
910,16,2,4870.6,6353.2,4673.3,-197.3,1482.5,1743.0,2319.9,467.4,0.0,True,0
911,10,2,4642.3,5285.2,4311.8,-330.5,642.9,2031.8,2485.9,409.8,0.0,True,2
912,12,1,4266.5,5500.7,4172.9,-93.6,1234.1,1755.8,2247.8,326.7,0.0,True,0
913,12,2,4014.3,5289.3,3994.8,-19.4,1275.0,1950.8,2427.5,481.2,0.0,True,1
914,11,2,4516.7,5419.5,4565.8,49.1,902.9,2014.8,2575.3,625.0,0.0,True,2
915,10,0,3094.4,3094.4,3574.8,480.4,0.0,1794.7,2306.6,0.0,0.0,False,0
916,10,3,4460.8,5170.8,4189.8,-271.0,710.0,1846.4,2369.4,567.3,0.0,True,3
917,14,0,3847.4,3847.4,4170.3,322.8,0.0,1738.2,2160.1,0.0,0.0,False,0
918,12,2,4108.2,5370.1,4161.6,53.4,1261.9,1847.3,2381.8,588.5,0.0,True,0
919,14,2,4578.8,5374.2,4394.2,-184.6,795.4,1837.5,2200.8,388.6,0.0,True,2
920,14,3,4677.5,5817.6,4586.2,-91.4,1140.0,1636.1,2311.2,651.5,240.9,True,2
921,15,4,5002.3,5769.2,4754.0,-248.3,766.9,1940.3,2309.2,858.7,343.5,True,3
922,15,3,5020.9,5699.8,4367.7,-653.2,678.9,1670.7,2150.8,751.7,0.0,True,2
923,10,2,3498.4,4671.5,3626.8,128.4,1173.1,1901.9,2311.0,200.7,0.0,True,2
924,12,2,4980.1,5905.6,4599.4,-380.7,925.5,1977.4,2444.1,392.5,0.0,True,1
925,16,4,5578.5,6109.6,4682.9,-895.5,531.2,1754.7,2221.3,968.2,0.0,True,3
926,14,5,5290.7,5412.3,4374.1,-916.5,121.6,1723.0,2250.9,1120.6,0.0,True,4
927,16,5,4877.7,6026.7,4886.4,8.8,1149.0,1924.0,2555.8,874.0,496.0,True,3
928,14,1,4740.6,6187.0,4688.7,-51.9,1446.4,2028.2,2428.9,66.0,0.0,True,0
929,13,3,4996.2,5333.8,4310.3,-685.9,337.6,1844.6,2390.0,642.0,0.0,True,3
930,10,2,3613.8,4524.8,3570.1,-43.7,911.0,1512.4,2152.8,460.8,0.0,True,1
931,11,4,4353.5,5362.7,4053.1,-300.4,1009.1,1786.2,2290.5,772.7,0.0,True,3
932,16,1,4800.1,5597.3,4770.9,-29.2,797.2,1859.3,2170.3,480.3,0.0,True,1
933,13,2,4756.8,5302.5,4364.7,-392.1,545.6,1853.8,2254.9,631.2,0.0,True,2
934,10,3,4617.3,5158.7,4262.4,-354.9,541.5,2076.7,2551.1,752.4,0.0,True,3
935,15,4,5187.4,6029.4,4534.6,-652.8,842.0,1834.5,2274.8,994.6,158.8,True,2
936,11,2,4535.6,5816.1,4572.2,36.6,1280.5,2054.0,2518.2,458.1,362.4,True,1
937,14,4,5190.4,6035.6,5105.0,-85.4,845.2,1990.2,2174.6,832.6,363.7,True,2
938,16,1,4121.6,5382.5,4294.9,173.3,1260.9,1714.7,2191.6,207.0,0.0,True,0
939,11,2,4545.7,5710.8,4455.3,-90.4,1165.1,2039.1,2416.1,568.6,0.0,True,1
940,10,2,4127.1,4932.3,3863.4,-263.8,805.1,1822.2,2311.1,732.2,0.0,True,2
941,12,3,4803.3,5525.5,4481.1,-322.2,722.2,1600.3,2100.2,479.1,0.0,True,2
942,16,4,5305.4,6182.1,4440.1,-865.3,876.6,1628.7,2302.5,667.8,0.0,True,2
943,13,3,5406.8,6632.8,4525.0,-881.8,1225.9,2174.0,2568.3,763.8,0.0,True,1
944,14,0,3920.5,3920.5,4158.2,237.7,0.0,1637.3,2163.8,0.0,0.0,False,0
945,10,0,3562.2,3562.2,3911.4,349.2,0.0,1933.0,2411.4,0.0,0.0,False,0
946,10,4,4776.8,5606.2,4482.8,-294.0,829.4,2085.7,2368.2,685.5,333.6,True,2
947,11,2,4689.9,4920.4,4447.6,-242.3,230.5,1843.5,2609.8,496.2,0.0,True,2
948,10,2,4588.7,4965.8,4167.3,-421.4,377.1,1593.9,2406.0,776.6,0.0,True,2
949,12,1,3745.1,5168.0,4057.9,312.8,1423.0,1987.3,2295.0,153.3,0.0,True,0
950,13,3,4854.8,6277.0,5099.7,244.9,1422.2,1960.7,2386.2,441.7,276.0,True,1
951,14,3,5138.8,6086.4,4529.4,-609.4,947.6,1890.3,2527.4,505.4,0.0,True,1
952,15,5,4873.8,5751.8,4618.1,-255.7,877.9,1848.3,2461.0,877.6,0.0,True,2
953,16,2,4624.8,6102.3,4526.2,-98.6,1477.5,1831.6,2288.0,466.3,0.0,True,0
954,15,5,4960.8,5950.6,4841.0,-119.9,989.7,2084.7,2469.0,779.2,230.8,True,4
955,13,3,4585.2,5536.3,4910.4,325.2,951.0,1488.7,2247.4,701.2,445.6,True,2
956,14,1,4091.7,5158.9,3999.4,-92.4,1067.1,1578.8,2004.0,398.6,0.0,True,1
957,14,3,4604.6,5588.7,4830.3,225.8,984.1,1940.6,2312.0,712.8,359.3,True,1
958,11,2,3944.1,4806.4,3715.2,-228.8,862.4,1598.0,2031.1,360.8,0.0,True,2
959,10,2,4599.5,5756.8,4876.6,277.1,1157.3,1927.0,2395.9,398.1,373.1,True,1
960,16,4,4716.3,5806.9,4388.5,-327.8,1090.6,1605.7,2125.7,775.7,0.0,True,3
961,16,2,4980.8,5153.3,4247.4,-733.4,172.5,1466.1,1985.9,822.7,0.0,True,2
962,12,4,5483.9,5679.9,4740.7,-743.2,195.9,2022.4,2406.6,958.9,0.0,True,4
963,15,1,4146.1,5302.2,4148.0,1.9,1156.1,1885.6,2142.4,189.7,0.0,True,1
964,11,2,4549.0,5879.9,4573.9,24.9,1330.8,2207.1,2627.3,463.8,0.0,True,1
965,14,4,4968.3,5466.6,4590.6,-377.7,498.3,1616.7,2263.8,664.3,0.0,True,4
966,15,3,5260.0,5876.1,5159.4,-100.6,616.1,2107.1,2519.3,728.5,169.7,True,3
967,10,2,4527.6,5725.8,4396.0,-131.6,1198.2,1725.8,2237.4,354.5,0.0,True,1
968,11,2,4428.7,5539.1,4370.2,-58.6,1110.4,1748.9,2366.5,597.4,99.0,True,1
969,11,2,4612.3,5717.9,4770.1,157.9,1105.7,1996.5,2534.8,461.7,0.0,True,1
970,10,1,3901.5,5238.1,3752.3,-149.2,1336.6,1866.9,2143.6,168.5,0.0,True,0
971,10,2,4023.4,4910.1,3935.7,-87.6,886.7,1686.1,2480.0,304.0,0.0,True,2
972,10,3,4810.6,4886.2,4318.8,-491.7,75.7,1893.6,2466.7,819.9,335.5,True,3
973,10,0,3453.0,3453.0,3894.0,441.1,0.0,1788.6,2373.7,0.0,0.0,False,0
974,13,2,5110.7,5775.7,4646.2,-464.4,665.0,1697.4,2266.4,518.3,0.0,True,1
975,13,3,5140.5,6254.0,4532.1,-608.4,1113.6,1924.7,2549.3,688.1,0.0,True,1
976,12,3,4335.8,5001.4,4483.3,147.5,665.5,1954.7,2260.9,568.5,447.7,True,3
977,10,1,4123.6,4904.5,4119.8,-3.7,780.9,1758.1,2255.0,233.4,0.0,True,1
978,11,2,3847.8,4989.2,4163.2,315.3,1141.4,2012.8,2398.6,173.3,0.0,True,2
979,16,3,5422.1,5941.6,5038.1,-384.1,519.5,1561.4,2260.4,1033.2,214.7,True,2
980,10,3,4317.8,5356.8,4141.7,-176.1,1039.0,1871.7,2592.7,470.8,0.0,True,2
981,16,2,5062.8,5618.1,4652.0,-410.8,555.3,1828.3,2305.3,538.5,0.0,True,2
982,12,1,4209.8,5530.2,4377.2,167.4,1320.4,1670.5,2148.0,194.7,0.0,True,1
983,14,1,4504.2,5771.4,4258.5,-245.6,1267.3,1599.5,2233.4,326.1,0.0,True,0
984,13,1,4307.1,5404.3,4883.7,576.6,1097.3,1721.5,2294.8,326.9,372.0,True,1
985,14,1,4688.3,6069.1,4797.9,109.6,1380.8,2081.5,2580.3,390.3,0.0,True,0
986,13,1,4104.4,5301.2,4176.5,72.1,1196.8,1763.1,2359.5,403.6,0.0,True,1
987,10,0,3740.8,3740.8,4103.4,362.5,0.0,1994.4,2455.8,0.0,0.0,False,0
988,15,1,4628.1,5698.6,4720.1,92.0,1070.4,2206.4,2397.3,391.2,0.0,True,1
989,13,2,4100.4,5512.6,4128.7,28.3,1412.2,1745.0,2013.4,171.3,0.0,True,1
990,10,3,5217.3,5714.6,4330.2,-887.1,497.3,2057.0,2528.7,987.5,0.0,True,2
991,15,2,4637.2,5471.7,4428.1,-209.1,834.5,1700.2,2416.1,845.5,0.0,True,2
992,11,2,4306.9,5049.7,3945.8,-361.1,742.8,1672.5,2140.5,248.6,0.0,True,2
993,11,2,3937.8,5258.5,3738.4,-199.4,1320.7,1880.9,2245.2,340.3,0.0,True,1
994,13,2,3619.8,4589.6,3502.0,-117.8,969.9,1774.2,2262.2,272.8,0.0,True,2
995,16,6,5604.6,5631.1,4378.7,-1226.0,26.5,1696.3,2070.5,861.2,0.0,True,4
996,14,3,4783.6,5833.8,4327.2,-456.4,1050.1,1681.3,2267.2,749.6,0.0,True,2
997,15,2,4686.6,5583.5,4580.8,-105.7,896.9,1883.5,2144.7,437.8,0.0,True,2
998,16,3,5140.0,5973.8,5249.0,109.0,833.8,1676.7,2234.8,589.6,390.2,True,3
999,14,2,4564.8,5485.8,4328.7,-236.1,921.0,1734.9,1977.9,484.8,0.0,True,2
