outer_x,outer_y,inner_x,inner_y,diameter_x,diameter_y,mec_x,mec_y,diam_circle_x,diam_circle_y,observer_x,observer_y,truth_x,truth_y
18.6328125,-23.58984375,18.66796875,-23.5546875,18.66796875,-23.5546875,50.23326488353184,-11.161631763297407,43.30477837401283,-8.296875,-962.9408965645523,138.15875997681175,26.997069074691353,-3.343268934563941
18.80859375,-23.625,18.720703125,-23.572265625,33.85546875,6.9609375,50.230490573574556,-10.843727330252454,43.302182633482175,-7.999432596506872,-114.50495983668395,-993.2812345738076,,
20.49609375,-23.90625,18.931640625,-23.607421875,,,50.222168488784405,-10.525919733977418,43.29439620257794,-7.702080796851237,955.0595099446509,369.08136216076616,,
23.484375,-24.3984375,22.130859375,-24.134765625,,,50.208301164149034,-10.20830578174479,43.28142145312239,-7.404910177271782,-773.051823577722,-603.2780731971999,,
26.26171875,-24.85546875,25.119140625,-24.626953125,,,50.18889282378985,-9.890982221841222,43.263262337349914,-7.108011258817987,626.9318733373276,-803.3921615869771,,
26.5078125,-24.85546875,26.296875,-24.8203125,,,50.16394937967535,-9.57404571409704,43.23992438670308,-6.811474479776538,,,,
27.421875,-24.46875,26.419921875,-24.837890625,,,50.133478429820244,-9.257592800442735,43.21141471014773,-6.515390168122948,,,,
43.41796875,-17.68359375,26.47265625,-24.8203125,,,50.09748925597103,-8.941719875501354,43.177741992007526,-6.219848514006777,,,,
49.21875,-15.22265625,27.38671875,-24.43359375,,,50.05599282077869,-8.626523157225767,43.13891648931862,-5.924939542278848,,,,
49.7109375,-15.01171875,31.904296875,-22.517578125,,,50.009001764459384,-8.312098657589736,43.09495002870522,-5.630753085068795,,,,
49.8515625,-14.94140625,43.3828125,-17.6484375,,,49.95653040094408,-7.998542153341752,43.04585600277716,-5.337378754421334,,,,
49.88671875,-14.90625,49.18359375,-15.1875,,,49.8985947135184,-7.685949156830498,42.99164936605031,-5.044905914999559,,,,
49.88671875,-14.8359375,49.798828125,-14.923828125,,,49.83521234995396,-7.374414886910866,42.93234663039134,-4.753423656863607,,,,
49.60546875,-14.44921875,49.8515625,-14.87109375,,,49.76640261713273,-7.064034239939375,42.867965859988004,-4.463020768332959,,,,
46.44140625,-10.125,49.763671875,-14.748046875,,,49.69218647516587,-6.754901760867818,42.79852666584664,-4.173785708940657,,,,
37.23046875,2.4609375,48.708984375,-13.306640625,,,49.61258653100918,-6.447111614443954,42.72405019981845,-3.8858065824876737,,,,
34.734375,5.87109375,34.892578125,5.572265625,,,49.527627031576756,-6.140757556528012,42.64455914815646,-3.5991711102056447,,,,
33.9609375,6.92578125,33.92578125,6.890625,,,49.43733385635515,-5.835932905533751,42.56007772460505,-3.313966604036125,,,,
33.890625,6.99609375,33.85546875,6.9609375,,,49.34173450952022,-5.532730514002771,42.47063166302423,-3.030279940034535,,,,
33.8203125,6.99609375,33.29296875,6.5390625,,,49.240858111559106,-5.231242740320714,42.37624820955084,-2.748197531906861,,,,
33.2578125,6.57421875,23.484375,-0.87890625,,,49.13473539039984,-4.9315614205840275,42.27695611429911,-2.4678053046872153,,,,
23.44921875,-0.84375,22.18359375,-1.86328125,,,49.02339867205131,-4.6337778406257755,42.17278562260313,-2.189188668564227,,,,
22.1484375,-1.828125,21.603515625,-2.302734375,,,48.90688187075648,-4.337982708209111,42.0637684658038,-1.9124324928642809,,,,
21.55078125,-2.28515625,21.5859375,-2.3203125,,,48.785220478661735,-4.044266125396799,41.94993785158313,-1.63762108019949,,,,
21.515625,-2.49609375,21.568359375,-2.408203125,,,48.65845155500568,-3.7527175611052606,41.83132845384893,-1.3648381407883132,,,,
20.390625,-10.6875,21.55078125,-2.53125,,,48.526613714830496,-3.4634258238514732,41.70797640217275,-1.0941667669566009,,,,
19.01953125,-20.671875,20.42578125,-10.72265625,,,48.38974711721944,-3.176479034701037,41.57991927078445,-0.825689407826875,,,,
18.7734375,-22.46484375,19.0546875,-20.70703125,,,48.247893453064,-2.891964600425643,41.44719606712678,-0.5594878442035247,,,,
18.66796875,-23.23828125,18.685546875,-23.396484375,,,48.10109593236445,-2.609969186878123,41.30984721997329,-0.29564316366158216,,,,
18.6328125,-23.51953125,18.66796875,-23.5546875,,,47.94939927106765,-2.330578692593196,41.16791456711336,-0.03423573584666073,,,,
18.6328125,-23.58984375,,,,,47.79284967744615,-2.0538782226219414,41.02144134260797,0.22465481200641157,,,,
,,,,,,47.6314948380227,-1.779952062607963,40.870472163620235,0.48094961932883784,,,,
,,,,,,47.465383903044454,-1.5088836531131857,40.71505301682453,0.7345706162395196,,,,
,,,,,,47.294567471511385,-1.2407555642010415,40.55523124439856,0.9854405473259167,,,,
,,,,,,47.119097575763256,-0.9756494702848268,40.39105552960244,1.2334829951767894,,,,
,,,,,,46.93902766563013,-0.7136461252488946,40.22257588194928,1.478622403659676,,,,
,,,,,,46.754412592151006,-0.4548253378502167,40.04984362197188,1.7207841009360418,,,,
,,,,,,46.56530859086568,-0.19926594740789483,39.87291136558991,1.9598943222070186,,,,
,,,,,,46.37177326468483,0.052954200212084857,39.69183300808264,2.195880232182896,,,,
,,,,,,46.173865566343636,0.30175827630944596,39.50666370767193,2.428669947269446,,,,
,,,,,,45.97164578044418,0.5470704927523897,39.31745986872045,2.658192557464373,,,,
,,,,,,45.7651755050922,0.7888161250633967,39.1242791245504,2.8843781479571753,,,,
,,,,,,45.554517633133685,1.0269215351810193,38.92718031988784,3.1071578204258774,,,,
,,,,,,45.33973633299712,1.2613141938907582,38.726223492938004,3.326463714024129,,,,
,,,,,,45.12089702914717,1.491922702918158,38.52146985709712,3.542229026052281,,,,
,,,,,,44.898066382155726,1.7186768166774158,38.312981782306125,3.754388032306121,,,,
,,,,,,44.67131226839647,1.9415074636688612,38.10082277605228,3.962876107097115,,,,
,,,,,,44.44070375936907,2.1603467675188117,37.88505746402413,4.167629742938008,,,,
,,,,,,44.20631110065933,2.375128067655373,37.665751570425876,4.368586569887837,,,,
,,,,,,43.96820569054171,2.5857859396138885,37.44297189795718,4.5656853745503945,,,,
,,,,,,43.7264600582307,2.792256214965871,37.216786307464375,4.758866118720444,,,,
,,,,,,43.48114784178776,2.994476000865328,36.98726369726945,4.94806995767193,,,,
,,,,,,43.232343765690395,3.192383699206525,36.754473982182894,5.133239258082645,,,,
,,,,,,42.980123618070415,3.3859190253873717,36.51848807220702,5.314317615589907,,,,
,,,,,,42.72456422762809,3.5750230266726977,36.279377850936044,5.491249871971879,,,,
,,,,,,42.46574344022942,3.759638100151818,36.03721615365968,5.6639821319492825,,,,
,,,,,,42.20374009519348,3.9397080102849458,35.792076745176786,5.832461779602436,,,,
,,,,,,41.938634001277265,4.115177906033075,35.544034297325915,5.996637494398563,,,,
,,,,,,41.67050591236512,4.285994337566152,35.29316436623952,6.156459266824532,,,,
,,,,,,41.39943750287035,4.452105272544387,35.03954336932884,6.3118784136202315,,,,
,,,,,,41.12551134285637,4.613460111967838,34.78324856200641,6.46284759260797,,,,
,,,,,,40.84881087288511,4.770009705589336,34.524358014153336,6.609320817113359,,,,
,,,,,,40.569420378600185,4.921706366886138,34.26295058633842,6.7512534699732925,,,,
,,,,,,40.287424965052665,5.068503887585688,33.999105905796476,6.888602317126779,,,,
,,,,,,40.00291053077727,5.210357551741129,33.73290434217313,7.021325520784449,,,,
,,,,,,39.71596374162684,5.347224149352186,33.464426983043396,7.1493826521727435,,,,
,,,,,,39.426672004373046,5.47906198952737,33.193755609211685,7.272734703848931,,,,
,,,,,,39.13512344008151,5.605830913183425,32.920972669800506,7.391344101583131,,,,
,,,,,,38.8414068572692,5.727492305278165,32.64616125713572,7.505174715803795,,,,
,,,,,,38.545611724852535,5.844009106572997,32.36940508143577,7.614191872603133,,,,
,,,,,,38.247828144894285,5.955345824921526,32.09078844531279,7.718362364299111,,,,
,,,,,,37.94814682515759,6.061468546080796,31.81039621809314,7.817654459550834,,,,
,,,,,,37.64665905147554,6.162344944041912,31.528313809965468,7.912037913024228,,,,
,,,,,,37.34345665994456,6.257944290876843,31.244627145963875,8.001483974605048,,,,
,,,,,,37.0386320089503,6.34823746609845,30.959422639794354,8.085965398156457,,,,
,,,,,,36.732277951034355,6.433196965530868,30.672787167512325,8.165456449818446,,,,
,,,,,,36.42448780461049,6.512796909687555,30.384808041059344,8.239932915846637,,,,
,,,,,,36.115355325538935,6.5870130516544165,30.09557298166704,8.309372109988004,,,,
,,,,,,35.80497467856745,6.655822784475657,29.805170093136393,8.37375288039134,,,,
,,,,,,35.493440408647814,6.719205148040089,29.513687835000443,8.433055616050314,,,,
,,,,,,35.18084741213656,6.777140835465772,29.221214995578666,8.48726225277716,,,,
,,,,,,34.867290907888574,6.829612198981078,28.927840664931207,8.53635627870522,,,,
,,,,,,34.55286640825254,6.876603255300381,28.633654207721154,8.580322739318618,,,,
,,,,,,34.237669689976954,6.9180996904927134,28.338745235993223,8.619148242007526,,,,
,,,,,,33.92179676503557,6.95408886434193,28.04320358187705,8.652820960147729,,,,
,,,,,,33.60534385138127,6.984559814197041,27.74711927022346,8.681330636703077,,,,
,,,,,,33.28840734363709,7.00950325831154,27.45058249118201,8.70466858734991,,,,
,,,,,,32.97108378373352,7.028911598670721,27.15368357272822,8.722827703122391,,,,
,,,,,,32.65346983150089,7.0427789233060984,26.856512953148766,8.73580245257794,,,,
,,,,,,32.335662235225854,7.05110100809625,26.55916115349313,8.743588883482179,,,,
,,,,,,32.0177578021809,7.053875318053528,26.26171875,8.746184624012827,,,,
,,,,,,31.69985336913595,7.05110100809625,25.96427634650687,8.743588883482179,,,,
,,,,,,31.382045772860913,7.0427789233060984,25.666924546851238,8.73580245257794,,,,
,,,,,,31.064431820628286,7.028911598670721,25.36975392727178,8.722827703122391,,,,
,,,,,,30.747108260724715,7.00950325831154,25.072855008817985,8.70466858734991,,,,
,,,,,,30.430171752980534,6.984559814197041,24.776318229776535,8.681330636703077,,,,
,,,,,,30.11371883932623,6.95408886434193,24.480233918122945,8.652820960147729,,,,
,,,,,,29.79784591438485,6.9180996904927134,24.184692264006777,8.61914824200753,,,,
,,,,,,29.482649196109264,6.876603255300381,23.88978329227885,8.580322739318618,,,,
,,,,,,29.16822469647323,6.829612198981078,23.595596835068797,8.53635627870522,,,,
,,,,,,28.854668192225247,6.777140835465772,23.302222504421334,8.48726225277716,,,,
,,,,,,28.54207519571399,6.719205148040089,23.00974966499956,8.433055616050314,,,,
,,,,,,28.23054092579436,6.655822784475657,22.718267406863607,8.373752880391343,,,,
,,,,,,27.92016027882287,6.5870130516544165,22.42786451833296,8.309372109988004,,,,
,,,,,,27.611027799751312,6.512796909687555,22.138629458940656,8.239932915846637,,,,
,,,,,,27.303237653327447,6.433196965530868,21.85065033248767,8.165456449818446,,,,
,,,,,,26.99688359541151,6.34823746609845,21.564014860205646,8.085965398156457,,,,
,,,,,,26.692058944417248,6.257944290876846,21.278810354036125,8.001483974605051,,,,
,,,,,,26.388856552886267,6.162344944041916,20.995123690034536,7.912037913024228,,,,
,,,,,,26.087368779204212,6.0614685460808,20.71304128190686,7.8176544595508375,,,,
,,,,,,25.787687459467524,5.955345824921526,20.432649054687214,7.718362364299111,,,,
,,,,,,25.48990387950927,5.844009106572997,20.154032418564228,7.614191872603133,,,,
,,,,,,25.194108747092606,5.727492305278165,19.87727624286428,7.505174715803795,,,,
,,,,,,24.90039216428029,5.605830913183425,19.602464830199487,7.391344101583128,,,,
,,,,,,24.608843599988756,5.47906198952737,19.32968189078831,7.272734703848931,,,,
,,,,,,24.319551862734972,5.347224149352186,19.059010516956604,7.149382652172745,,,,
,,,,,,24.03260507358453,5.210357551741129,18.79053315782687,7.021325520784448,,,,
,,,,,,23.74809063930914,5.068503887585692,18.524331594203524,6.8886023171267805,,,,
,,,,,,23.466095225761617,4.921706366886138,18.26048691366158,6.7512534699732925,,,,
,,,,,,23.186704731476695,4.77000970558934,17.999079485846664,6.60932081711336,,,,
,,,,,,22.91000426150544,4.613460111967839,17.74018893799359,6.462847592607972,,,,
,,,,,,22.636078101491456,4.452105272544387,17.48389413067116,6.3118784136202315,,,,
,,,,,,22.365009691996683,4.285994337566152,17.230273133760484,6.156459266824532,,,,
,,,,,,22.096881603084537,4.115177906033075,16.979403202674085,5.996637494398563,,,,
,,,,,,21.831775509168324,3.9397080102849458,16.731360754823214,5.832461779602436,,,,
,,,,,,21.569772164132388,3.7596381001518164,16.486221346340322,5.663982131949281,,,,
,,,,,,21.310951376733712,3.5750230266726977,16.24405964906396,5.491249871971879,,,,
,,,,,,21.05539198629139,3.38591902538737,16.00494942779298,5.314317615589905,,,,
,,,,,,20.80317183867141,3.192383699206525,15.768963517817104,5.133239258082645,,,,
,,,,,,20.554367762574053,2.9944760008653297,15.536173802730556,4.948069957671931,,,,
,,,,,,20.309055546131106,2.792256214965871,15.306651192535625,4.758866118720444,,,,
,,,,,,20.0673099138201,2.5857859396138902,15.080465602042826,4.565685374550396,,,,
,,,,,,19.829204503702478,2.375128067655373,14.857685929574123,4.368586569887837,,,,
,,,,,,19.59481184499274,2.1603467675188135,14.638380035975873,4.16762974293801,,,,
,,,,,,19.364203335965335,1.9415074636688594,14.422614723947717,3.962876107097113,,,,
,,,,,,19.13744922220608,1.7186768166774158,14.21045571769388,3.754388032306121,,,,
,,,,,,18.914618575214632,1.4919227029181563,14.001967642902883,3.5422290260522793,,,,
,,,,,,18.695779271364685,1.2613141938907582,13.797214007061992,3.326463714024129,,,,
,,,,,,18.480997971228124,1.0269215351810228,13.596257180112165,3.107157820425879,,,,
,,,,,,18.270340099269607,0.7888161250633967,13.399158375449606,2.8843781479571753,,,,
,,,,,,18.063869823917628,0.5470704927523933,13.205977631279557,2.6581925574643765,,,,
,,,,,,17.86165003801817,0.30175827630944596,13.01677379232807,2.428669947269446,,,,
,,,,,,17.663742339676972,0.05295420021208663,12.831604491917359,2.1958802321828976,,,,
,,,,,,17.470207013496122,-0.1992659474078966,12.650526134410091,1.9598943222070169,,,,
,,,,,,17.2811030122108,-0.45482533785021495,12.473593878028122,1.7207841009360436,,,,
,,,,,,17.096487938731677,-0.7136461252488964,12.300861618050716,1.4786224036596742,,,,
,,,,,,16.91641802859855,-0.9756494702848268,12.132381970397565,1.2334829951767894,,,,
,,,,,,16.74094813285042,-1.240755564201038,11.968206255601439,0.9854405473259202,,,,
,,,,,,16.570131701317347,-1.5088836531131857,11.80838448317547,0.7345706162395196,,,,
,,,,,,16.40402076633911,-1.7799520626079577,11.65296533637977,0.4809496193288414,,,,
,,,,,,16.242665926915656,-2.0538782226219414,11.501996157392028,0.22465481200641157,,,,
,,,,,,16.086116333294157,-2.3305786925931944,11.355522932886641,-0.034235735846658955,,,,
,,,,,,15.934419671997354,-2.609969186878125,11.213590280026706,-0.29564316366158394,,,,
,,,,,,15.787622151297807,-2.8919646004256414,11.076241432873221,-0.5594878442035229,,,,
,,,,,,15.645768487142366,-3.17647903470104,10.94351822921555,-0.8256894078268768,,,,
,,,,,,15.508901889531309,-3.4634258238514724,10.815461097827257,-1.0941667669566,,,,
,,,,,,15.377064049356129,-3.752717561105257,10.69210904615107,-1.3648381407883097,,,,
,,,,,,15.25029512570007,-4.044266125396799,10.573499648416869,-1.63762108019949,,,,
,,,,,,15.128633733605334,-4.337982708209108,10.459669034196207,-1.9124324928642773,,,,
,,,,,,15.012116932310498,-4.633777840625776,10.350651877396867,-2.1891886685642277,,,,
,,,,,,14.90078021396197,-4.931561420584024,10.24648138570089,-2.4678053046872126,,,,
,,,,,,14.794657492802695,-5.231242740320717,10.147189290449163,-2.748197531906863,,,,
,,,,,,14.693781094841583,-5.532730514002769,10.052805836975772,-3.030279940034533,,,,
,,,,,,14.598181748006649,-5.835932905533754,9.963359775394949,-3.3139666040361275,,,,
,,,,,,14.507888572785046,-6.140757556528011,9.878878351843543,-3.599171110205644,,,,
,,,,,,14.422929073352627,-6.447111614443949,9.799387300181554,-3.8858065824876693,,,,
,,,,,,14.34332912919594,-6.754901760867818,9.724910834153363,-4.173785708940657,,,,
,,,,,,14.269112987229082,-7.064034239939372,9.655471640011996,-4.463020768332956,,,,
,,,,,,14.200303254407839,-7.374414886910866,9.591090869608657,-4.753423656863608,,,,
,,,,,,14.136920890843406,-7.685949156830494,9.531788133949686,-5.044905914999556,,,,
,,,,,,14.078985203417723,-7.998542153341754,9.47758149722284,-5.337378754421335,,,,
,,,,,,14.026513839902417,-8.312098657589734,9.42848747129478,-5.630753085068793,,,,
,,,,,,13.979522783583114,-8.626523157225769,9.384521010681382,-5.92493954227885,,,,
,,,,,,13.938026348390782,-8.941719875501352,9.345695507992474,-6.219848514006776,,,,
,,,,,,13.902037174541565,-9.25759280044273,9.312022789852271,-6.515390168122943,,,,
,,,,,,13.871566224686454,-9.57404571409704,9.283513113296923,-6.811474479776538,,,,
,,,,,,13.846622780571956,-9.890982221841218,9.26017516265009,-7.108011258817983,,,,
,,,,,,13.827214440212774,-10.20830578174479,9.242016046877609,-7.404910177271782,,,,
,,,,,,13.813347115577397,-10.525919733977414,9.22904129742206,-7.702080796851234,,,,
,,,,,,13.805025030787245,-10.843727330252456,9.221254866517821,-7.999432596506873,,,,
,,,,,,13.802250720829967,-11.161631763297406,9.218659125987173,-8.296874999999998,,,,
,,,,,,13.805025030787245,-11.479536196342362,9.221254866517821,-8.59431740349313,,,,
,,,,,,13.813347115577397,-11.797343792617395,9.22904129742206,-8.891669203148762,,,,
,,,,,,13.827214440212774,-12.114957744850019,9.242016046877609,-9.188839822728214,,,,
,,,,,,13.846622780571956,-12.432281304753591,9.26017516265009,-9.485738741182011,,,,
,,,,,,13.871566224686454,-12.749217812497772,9.283513113296923,-9.782275520223457,,,,
,,,,,,13.902037174541565,-13.065670726152081,9.312022789852271,-10.078359831877053,,,,
,,,,,,13.938026348390782,-13.381543651093457,9.34569550799247,-10.373901485993219,,,,
,,,,,,13.979522783583114,-13.69674036936905,9.384521010681386,-10.668810457721154,,,,
,,,,,,14.026513839902417,-14.011164869005075,9.42848747129478,-10.962996914931203,,,,
,,,,,,14.078985203417723,-14.324721373253064,9.47758149722284,-11.256371245578668,,,,
,,,,,,14.136920890843406,-14.637314369764315,9.531788133949686,-11.54884408500044,,,,
,,,,,,14.200303254407839,-14.948848639683952,9.59109086960866,-11.840326343136395,,,,
,,,,,,14.269112987229079,-15.25922928665544,9.655471640011996,-12.13072923166704,,,,
,,,,,,14.34332912919594,-15.568361765726992,9.724910834153363,-12.41996429105934,,,,
,,,,,,14.422929073352627,-15.876151912150862,9.799387300181554,-12.707943417512327,,,,
,,,,,,14.507888572785046,-16.1825059700668,9.878878351843543,-12.994578889794353,,,,
,,,,,,14.598181748006652,-16.487330621061062,9.963359775394952,-13.279783395963875,,,,
,,,,,,14.69378109484158,-16.790533012592043,10.052805836975772,-13.563470059965463,,,,
,,,,,,14.794657492802699,-17.0920207862741,10.147189290449166,-13.845552468093139,,,,
,,,,,,14.90078021396197,-17.391702106010786,10.24648138570089,-14.125944695312784,,,,
,,,,,,15.012116932310498,-17.689485685969043,10.350651877396867,-14.404561331435776,,,,
,,,,,,15.12863373360533,-17.985280818385704,10.459669034196205,-14.68131750713572,,,,
,,,,,,15.25029512570007,-18.278997401198012,10.573499648416869,-14.956128919800506,,,,
,,,,,,15.377064049356125,-18.570545965489554,10.692109046151069,-15.228911859211687,,,,
,,,,,,15.508901889531309,-18.859837702743338,10.815461097827255,-15.499583233043396,,,,
,,,,,,15.645768487142366,-19.14678449189378,10.943518229215552,-15.768060592173125,,,,
,,,,,,15.787622151297803,-19.43129892616917,11.07624143287322,-16.034262155796473,,,,
,,,,,,15.934419671997357,-19.713294339716693,11.213590280026708,-16.29810683633842,,,,
,,,,,,16.086116333294157,-19.992684834001615,11.35552293288664,-16.559514264153336,,,,
,,,,,,16.242665926915656,-20.269385303972875,11.50199615739203,-16.818404812006413,,,,
,,,,,,16.40402076633911,-20.543311463986853,11.652965336379769,-17.07469961932884,,,,
,,,,,,16.570131701317344,-20.814379873481627,11.808384483175468,-17.328320616239516,,,,
,,,,,,16.74094813285042,-21.082507962393773,11.968206255601437,-17.579190547325915,,,,
,,,,,,16.91641802859855,-21.347614056309986,12.132381970397564,-17.827232995176786,,,,
,,,,,,17.096487938731677,-21.609617401345922,12.300861618050718,-18.072372403659678,,,,
,,,,,,17.2811030122108,-21.868438188744598,12.47359387802812,-18.31453410093604,,,,
,,,,,,17.470207013496122,-22.12399757918692,12.650526134410093,-18.55364432220702,,,,
,,,,,,17.663742339676972,-22.3762177268069,12.831604491917355,-18.789630232182894,,,,
,,,,,,17.86165003801817,-22.625021802904264,13.016773792328072,-19.022419947269448,,,,
,,,,,,18.063869823917624,-22.870334019347204,13.205977631279556,-19.251942557464375,,,,
,,,,,,18.270340099269603,-23.112079651658206,13.399158375449604,-19.47812814795717,,,,
,,,,,,18.48099797122812,-23.350185061775832,13.596257180112163,-19.700907820425876,,,,
,,,,,,18.69577927136468,-23.58457772048557,13.79721400706199,-19.92021371402413,,,,
,,,,,,18.914618575214636,-23.815186229512975,14.001967642902887,-20.135979026052283,,,,
,,,,,,19.13744922220608,-24.04194034327223,14.210455717693877,-20.348138032306117,,,,
,,,,,,19.364203335965335,-24.264770990263678,14.422614723947719,-20.556626107097117,,,,
,,,,,,19.594811844992734,-24.483610294113625,14.63838003597587,-20.761379742938008,,,,
,,,,,,19.829204503702478,-24.69839159425019,14.857685929574124,-20.96233656988784,,,,
,,,,,,20.067309913820097,-24.909049466208703,15.080465602042825,-21.159435374550394,,,,
,,,,,,20.309055546131102,-25.115519741560682,15.306651192535623,-21.35261611872044,,,,
,,,,,,20.554367762574042,-25.317739527460134,15.536173802730545,-21.541819957671926,,,,
,,,,,,20.803171838671414,-25.51564722580134,15.768963517817108,-21.726989258082646,,,,
,,,,,,21.05539198629139,-25.709182551982188,16.00494942779298,-21.908067615589907,,,,
,,,,,,21.310951376733712,-25.89828655326751,16.244059649063956,-22.084999871971878,,,,
,,,,,,21.56977216413238,-26.08290162674663,16.48622134634032,-22.25773213194928,,,,
,,,,,,21.83177550916833,-26.26297153687976,16.731360754823218,-22.42621177960244,,,,
,,,,,,22.09688160308454,-26.43844143262789,16.979403202674085,-22.590387494398563,,,,
,,,,,,22.36500969199668,-26.609257864160963,17.230273133760477,-22.75020926682453,,,,
,,,,,,22.636078101491453,-26.775368799139198,17.48389413067116,-22.905628413620228,,,,
,,,,,,22.910004261505428,-26.93672363856265,17.74018893799358,-23.056597592607968,,,,
,,,,,,23.186704731476695,-27.093273232184153,17.999079485846664,-23.20307081711336,,,,
,,,,,,23.46609522576162,-27.244969893480956,18.26048691366158,-23.345003469973292,,,,
,,,,,,23.748090639309133,-27.391767414180503,18.524331594203524,-23.48235231712678,,,,
,,,,,,24.032605073584527,-27.53362107833594,18.790533157826868,-23.615075520784444,,,,
,,,,,,24.319551862734976,-27.670487675947005,19.059010516956604,-23.743132652172747,,,,
,,,,,,24.60884359998876,-27.80232551612219,19.329681890788315,-23.866484703848933,,,,
,,,,,,24.90039216428029,-27.92909443977824,19.602464830199487,-23.98509410158313,,,,
,,,,,,25.194108747092603,-28.050755831872976,19.877276242864276,-24.098924715803793,,,,
,,,,,,25.489903879509264,-28.16727263316781,20.15403241856422,-24.20794187260313,,,,
,,,,,,25.787687459467527,-28.27860935151634,20.432649054687218,-24.31211236429911,,,,
,,,,,,26.087368779204212,-28.384732072675614,20.71304128190686,-24.411404459550837,,,,
,,,,,,26.388856552886264,-28.485608470636727,20.995123690034532,-24.50578791302423,,,,
,,,,,,26.69205894441724,-28.581207817471654,21.278810354036118,-24.595233974605048,,,,
,,,,,,26.99688359541151,-28.671500992693268,21.56401486020565,-24.67971539815646,,,,
,,,,,,27.30323765332745,-28.756460492125683,21.850650332487675,-24.759206449818446,,,,
,,,,,,27.611027799751312,-28.83606043628237,22.138629458940656,-24.833682915846637,,,,
,,,,,,27.920160278822866,-28.910276578249228,22.427864518332953,-24.903122109988004,,,,
,,,,,,28.230540925794354,-28.97908631107047,22.7182674068636,-24.96750288039134,,,,
,,,,,,28.542075195713995,-29.042468674634904,23.00974966499956,-25.026805616050314,,,,
,,,,,,28.854668192225247,-29.100404362060587,23.302222504421334,-25.08101225277716,,,,
,,,,,,29.168224696473228,-29.152875725575893,23.595596835068793,-25.13010627870522,,,,
,,,,,,29.482649196109254,-29.199866781895196,23.889783292278842,-25.174072739318614,,,,
,,,,,,29.797845914384855,-29.241363217087528,24.18469226400678,-25.21289824200753,,,,
,,,,,,30.113718839326232,-29.277352390936745,24.48023391812295,-25.24657096014773,,,,
,,,,,,30.430171752980534,-29.307823340791856,24.776318229776535,-25.275080636703077,,,,
,,,,,,30.747108260724712,-29.332766784906354,25.07285500881798,-25.29841858734991,,,,
,,,,,,31.06443182062828,-29.352175125265536,25.369753927271773,-25.31657770312239,,,,
,,,,,,31.382045772860916,-29.366042449900913,25.66692454685124,-25.32955245257794,,,,
,,,,,,31.69985336913595,-29.374364534691065,25.96427634650687,-25.33733888348218,,,,
,,,,,,32.0177578021809,-29.377138844648343,26.261718749999996,-25.339934624012827,,,,
,,,,,,32.33566223522585,-29.374364534691065,26.559161153493122,-25.33733888348218,,,,
,,,,,,32.6534698315009,-29.366042449900913,26.85651295314877,-25.32955245257794,,,,
,,,,,,32.97108378373352,-29.352175125265536,27.15368357272822,-25.31657770312239,,,,
,,,,,,33.28840734363709,-29.332766784906358,27.45058249118201,-25.298418587349914,,,,
,,,,,,33.605343851381264,-29.307823340791856,27.747119270223457,-25.275080636703077,,,,
,,,,,,33.921796765035566,-29.277352390936745,28.043203581877044,-25.24657096014773,,,,
,,,,,,34.23766968997696,-29.241363217087528,28.338745235993226,-25.212898242007526,,,,
,,,,,,34.55286640825254,-29.199866781895196,28.633654207721154,-25.174072739318618,,,,
,,,,,,34.86729090788857,-29.152875725575893,28.927840664931203,-25.13010627870522,,,,
,,,,,,35.18084741213655,-29.100404362060587,29.22121499557866,-25.08101225277716,,,,
,,,,,,35.49344040864782,-29.042468674634904,29.513687835000447,-25.02680561605031,,,,
,,,,,,35.80497467856745,-28.97908631107047,29.805170093136393,-24.96750288039134,,,,
,,,,,,36.115355325538935,-28.91027657824923,30.09557298166704,-24.903122109988004,,,,
,,,,,,36.424487804610486,-28.836060436282374,30.384808041059337,-24.833682915846637,,,,
,,,,,,36.73227795103435,-28.756460492125687,30.67278716751232,-24.75920644981845,,,,
,,,,,,37.0386320089503,-28.671500992693264,30.95942263979436,-24.679715398156457,,,,
,,,,,,37.34345665994456,-28.581207817471658,31.244627145963875,-24.595233974605048,,,,
,,,,,,37.64665905147554,-28.48560847063673,31.52831380996546,-24.50578791302423,,,,
,,,,,,37.948146825157586,-28.384732072675614,31.810396218093132,-24.411404459550837,,,,
,,,,,,38.247828144894285,-28.27860935151634,32.09078844531279,-24.31211236429911,,,,
,,,,,,38.545611724852535,-28.167272633167812,32.36940508143577,-24.207941872603133,,,,
,,,,,,38.8414068572692,-28.05075583187298,32.64616125713572,-24.098924715803797,,,,
,,,,,,39.13512344008151,-27.929094439778243,32.920972669800506,-23.985094101583133,,,,
,,,,,,39.42667200437304,-27.80232551612219,33.19375560921168,-23.866484703848933,,,,
,,,,,,39.71596374162684,-27.670487675946998,33.4644269830434,-23.74313265217274,,,,
,,,,,,40.00291053077727,-27.533621078335944,33.73290434217313,-23.61507552078445,,,,
,,,,,,40.287424965052665,-27.39176741418051,33.99910590579647,-23.482352317126782,,,,
,,,,,,40.56942037860018,-27.244969893480956,34.26295058633841,-23.345003469973296,,,,
,,,,,,40.84881087288512,-27.09327323218415,34.52435801415334,-23.203070817113357,,,,
,,,,,,41.12551134285637,-26.936723638562654,34.78324856200641,-23.05659759260797,,,,
,,,,,,41.39943750287035,-26.7753687991392,35.03954336932884,-22.90562841362023,,,,
,,,,,,41.67050591236512,-26.609257864160966,35.293164366239516,-22.750209266824534,,,,
,,,,,,41.93863400127726,-26.438441432627894,35.54403429732591,-22.590387494398566,,,,
,,,,,,42.20374009519348,-26.26297153687976,35.79207674517679,-22.426211779602433,,,,
,,,,,,42.46574344022942,-26.082901626746633,36.03721615365968,-22.257732131949282,,,,
,,,,,,42.72456422762809,-25.898286553267514,36.27937785093604,-22.08499987197188,,,,
,,,,,,42.98012361807041,-25.709182551982188,36.51848807220701,-21.90806761558991,,,,
,,,,,,43.2323437656904,-25.515647225801334,36.7544739821829,-21.72698925808264,,,,
,,,,,,43.48114784178776,-25.31773952746014,36.98726369726945,-21.541819957671926,,,,
,,,,,,43.7264600582307,-25.11551974156069,37.216786307464375,-21.352616118720448,,,,
,,,,,,43.9682056905417,-24.909049466208707,37.44297189795717,-21.159435374550398,,,,
,,,,,,44.20631110065932,-24.698391594250193,37.66575157042587,-20.962336569887842,,,,
,,,,,,44.44070375936907,-24.483610294113625,37.88505746402413,-20.761379742938004,,,,
,,,,,,44.67131226839647,-24.264770990263674,38.10082277605228,-20.556626107097113,,,,
,,,,,,44.89806638215572,-24.04194034327223,38.31298178230612,-20.348138032306125,,,,
,,,,,,45.120897029147166,-23.81518622951298,38.52146985709711,-20.135979026052286,,,,
,,,,,,45.33973633299713,-23.58457772048557,38.72622349293801,-19.920213714024126,,,,
,,,,,,45.554517633133685,-23.350185061775832,38.92718031988784,-19.700907820425876,,,,
,,,,,,45.765175505092195,-23.112079651658213,39.12427912455039,-19.47812814795718,,,,
,,,,,,45.97164578044418,-22.87033401934721,39.31745986872044,-19.25194255746438,,,,
,,,,,,46.17386556634363,-22.625021802904268,39.506663707671926,-19.022419947269455,,,,
,,,,,,46.37177326468483,-22.3762177268069,39.69183300808265,-18.789630232182894,,,,
,,,,,,46.56530859086568,-22.12399757918692,39.87291136558991,-18.55364432220702,,,,
,,,,,,46.754412592151006,-21.8684381887446,40.049843621971874,-18.314534100936044,,,,
,,,,,,46.93902766563012,-21.60961740134593,40.22257588194928,-18.072372403659685,,,,
,,,,,,47.119097575763256,-21.34761405630998,40.39105552960244,-17.827232995176782,,,,
,,,,,,47.294567471511385,-21.08250796239377,40.55523124439856,-17.579190547325915,,,,
,,,,,,47.465383903044454,-20.81437987348163,40.71505301682453,-17.328320616239523,,,,
,,,,,,47.63149483802269,-20.54331146398686,40.87047216362023,-17.074699619328843,,,,
,,,,,,47.79284967744614,-20.269385303972882,41.021441342607964,-16.81840481200642,,,,
,,,,,,47.94939927106765,-19.992684834001615,41.16791456711336,-16.559514264153336,,,,
,,,,,,48.10109593236445,-19.71329433971669,41.30984721997329,-16.29810683633842,,,,
,,,,,,48.247893453063995,-19.431298926169177,41.44719606712678,-16.03426215579648,,,,
,,,,,,48.389747117219436,-19.146784491893783,41.579919270784444,-15.768060592173132,,,,
,,,,,,48.526613714830496,-18.859837702743338,41.70797640217275,-15.499583233043396,,,,
,,,,,,48.65845155500568,-18.570545965489554,41.83132845384893,-15.228911859211685,,,,
,,,,,,48.785220478661735,-18.27899740119802,41.94993785158313,-14.956128919800513,,,,
,,,,,,48.90688187075647,-17.98528081838571,42.06376846580379,-14.681317507135725,,,,
,,,,,,49.0233986720513,-17.689485685969046,42.17278562260313,-14.404561331435781,,,,
,,,,,,49.13473539039984,-17.391702106010786,42.27695611429911,-14.125944695312782,,,,
,,,,,,49.240858111559106,-17.0920207862741,42.37624820955084,-13.845552468093139,,,,
,,,,,,49.34173450952022,-16.79053301259205,42.47063166302423,-13.56347005996547,,,,
,,,,,,49.43733385635515,-16.48733062106107,42.56007772460505,-13.279783395963882,,,,
,,,,,,49.527627031576756,-16.1825059700668,42.64455914815646,-12.99457888979435,,,,
,,,,,,49.61258653100918,-15.87615191215086,42.72405019981845,-12.707943417512325,,,,
,,,,,,49.69218647516587,-15.568361765727,42.79852666584664,-12.419964291059346,,,,
,,,,,,49.76640261713273,-15.259229286655446,42.867965859988004,-12.130729231667047,,,,
,,,,,,49.83521234995396,-14.948848639683959,42.932346630391336,-11.840326343136402,,,,
,,,,,,49.8985947135184,-14.637314369764315,42.99164936605031,-11.54884408500044,,,,
,,,,,,49.95653040094408,-14.324721373253062,43.04585600277716,-11.256371245578666,,,,
,,,,,,50.009001764459384,-14.011164869005082,43.09495002870522,-10.962996914931209,,,,
,,,,,,50.05599282077869,-13.696740369369056,43.13891648931862,-10.66881045772116,,,,
,,,,,,50.09748925597103,-13.381543651093455,43.177741992007526,-10.373901485993219,,,,
,,,,,,50.133478429820244,-13.06567072615208,43.21141471014773,-10.078359831877052,,,,
,,,,,,50.16394937967535,-12.749217812497777,43.23992438670308,-9.782275520223465,,,,
,,,,,,50.18889282378985,-12.432281304753598,43.263262337349914,-9.485738741182018,,,,
,,,,,,50.208301164149034,-12.114957744850033,43.28142145312239,-9.188839822728227,,,,
,,,,,,50.222168488784405,-11.797343792617395,43.29439620257794,-8.89166920314876,,,,
,,,,,,50.230490573574556,-11.47953619634236,43.302182633482175,-8.594317403493129,,,,
,,,,,,50.23326488353184,-11.161631763297413,43.30477837401283,-8.296875000000004,,,,
